ID,DATA,DIA_SEMANA,HORARIO,ESTADO,MUNICIPIO,CAUSA_ACIDENTE,TIPO_ACIDENTE,CLASSIFICACAO_ACIDENTE,FASE_DIA,SENTIDO_VIA,CONDICAO_METEREOLOGICA,TIPO_PISTA,TRACADO_VIA,PESSOAS,MORTOS,ILESOS,FERIDOS,VEICULOS,REGIONAL,MES
340062,11/02/2021,quinta-feira,17:30:00,SP,JUQUITIBA,Ausência de reação do condutor,Colisão com objeto,Com Vítimas Feridas,Pleno dia,Crescente,Chuva,Dupla,Reta,1,0,0,1,1,SR-SP,11.0
340066,11/02/2021,quinta-feira,19:30:00,SP,GUARULHOS,Condutor deixou de manter distância do veículo da frente,Queda de ocupante de veículo,Com Vítimas Feridas,Plena Noite,Decrescente,Céu Claro,Múltipla,Reta,1,0,0,1,1,SR-SP,11.0
340071,11/02/2021,quinta-feira,19:30:00,SP,CAJATI,Afundamento ou ondulação no pavimento,Colisão com objeto,Com Vítimas Feridas,Plena Noite,Decrescente,Garoa/Chuvisco,Dupla,Reta,1,0,0,1,1,SR-SP,11.0
340074,11/02/2021,quinta-feira,20:29:00,SP,GUARULHOS,Pedestre andava na pista,Atropelamento de Pedestre,Com Vítimas Feridas,Plena Noite,Decrescente,Garoa/Chuvisco,Múltipla,Reta,2,0,1,1,1,SR-SP,11.0
340095,11/02/2021,quinta-feira,16:45:00,SP,CAJATI,Obstrução na via,Saída de leito carroçável,Sem Vítimas,Pleno dia,Decrescente,Chuva,Simples,Curva,2,0,1,0,2,SR-SP,11.0
340118,14/01/2021,quinta-feira,11:00:00,SP,PINDAMONHANGABA,Reação tardia ou ineficiente do condutor,Colisão traseira,Com Vítimas Feridas,Pleno dia,Crescente,Sol,Dupla,Reta,6,0,5,1,2,SR-SP,
340119,12/02/2021,sexta-feira,02:20:00,SP,SANTA ISABEL,Velocidade Incompatível,Colisão traseira,Sem Vítimas,Plena Noite,Crescente,Garoa/Chuvisco,Dupla,Reta,2,0,2,0,2,SR-SP,12.0
340121,12/02/2021,sexta-feira,02:15:00,SP,TAUBATE,Manobra de mudança de faixa,Colisão traseira,Sem Vítimas,Plena Noite,Decrescente,Nublado,Dupla,Reta,2,0,2,0,2,SR-SP,12.0
340128,12/02/2021,sexta-feira,04:00:00,SP,TABOAO DA SERRA,Ingestão de álcool pelo condutor,Colisão lateral mesmo sentido,Com Vítimas Feridas,Plena Noite,Decrescente,Céu Claro,Dupla,Reta,3,0,1,2,2,SR-SP,12.0
340140,12/02/2021,sexta-feira,07:00:00,SP,JACAREI,Ausência de reação do condutor,Queda de ocupante de veículo,Com Vítimas Feridas,Pleno dia,Crescente,Nublado,Dupla,Reta,1,0,0,1,1,SR-SP,12.0
340146,12/02/2021,sexta-feira,07:25:00,SP,UBATUBA,Reação tardia ou ineficiente do condutor,Colisão lateral mesmo sentido,Com Vítimas Feridas,Pleno dia,Crescente,Céu Claro,Simples,Reta,2,0,0,1,2,SR-SP,12.0
340229,12/02/2021,sexta-feira,16:05:00,SP,SAO JOSE DO RIO PRETO,Reação tardia ou ineficiente do condutor,Tombamento,Com Vítimas Feridas,Pleno dia,Decrescente,Nublado,Múltipla,Reta,1,0,0,1,1,SR-SP,12.0
340235,12/02/2021,sexta-feira,16:20:00,SP,EMBU DAS ARTES,Manobra de mudança de faixa,Colisão lateral mesmo sentido,Com Vítimas Feridas,Pleno dia,Crescente,Sol,Dupla,Reta,2,0,1,1,2,SR-SP,12.0
340247,12/02/2021,sexta-feira,17:15:00,SP,CAJATI,Desrespeitar a preferência no cruzamento,Colisão transversal,Com Vítimas Feridas,Pleno dia,Crescente,Nublado,Dupla,Interseção de vias,5,0,4,1,2,SR-SP,12.0
340257,12/02/2021,sexta-feira,17:54:00,SP,BARRA DO TURVO,Velocidade Incompatível,Saída de leito carroçável,Sem Vítimas,Anoitecer,Crescente,Chuva,Dupla,Reta,1,0,1,0,1,SR-SP,12.0
340317,12/02/2021,sexta-feira,21:25:00,SP,ITAPECERICA DA SERRA,Acessar a via sem observar a presença dos outros veículos,Colisão lateral mesmo sentido,Com Vítimas Feridas,Plena Noite,Decrescente,Chuva,Dupla,Reta,2,0,1,1,2,SR-SP,12.0
340325,12/02/2021,sexta-feira,22:15:00,SP,JACUPIRANGA,Acessar a via sem observar a presença dos outros veículos,Colisão frontal,Com Vítimas Fatais,Plena Noite,Decrescente,Ignorado,Dupla,Curva,3,1,2,0,2,SR-SP,12.0
340359,13/02/2021,sábado,03:15:00,SP,BARRA DO TURVO,Condutor Dormindo,Colisão traseira,Com Vítimas Feridas,Plena Noite,Crescente,Ignorado,Dupla,Reta,2,0,1,1,2,SR-SP,
340362,13/02/2021,sábado,04:30:00,SP,SAO PAULO,Reação tardia ou ineficiente do condutor,Colisão traseira,Com Vítimas Feridas,Plena Noite,Crescente,Chuva,Múltipla,Reta,3,0,1,1,2,SR-SP,
340377,13/02/2021,sábado,06:15:00,SP,TABOAO DA SERRA,Frear bruscamente,Colisão traseira,Com Vítimas Feridas,Amanhecer,Decrescente,Garoa/Chuvisco,Dupla,Reta,4,0,2,2,3,SR-SP,
340378,13/02/2021,sábado,06:10:00,SP,TABOAO DA SERRA,Acumulo de água sobre o pavimento,Colisão com objeto,Com Vítimas Feridas,Pleno dia,Crescente,Garoa/Chuvisco,Dupla,Reta,1,0,0,1,1,SR-SP,
340385,13/02/2021,sábado,07:10:00,SP,JACAREI,Ingestão de álcool pelo condutor,Saída de leito carroçável,Com Vítimas Feridas,Pleno dia,Crescente,Chuva,Dupla,Reta,2,0,0,2,1,SR-SP,
340401,13/02/2021,sábado,08:15:00,SP,MAIRIPORA,Pista Escorregadia,Colisão com objeto,Com Vítimas Feridas,Pleno dia,Crescente,Chuva,Dupla,Reta,1,0,0,1,1,SR-SP,
340518,13/02/2021,sábado,18:10:00,SP,TAUBATE,Condutor deixou de manter distância do veículo da frente,Colisão traseira,Sem Vítimas,Pleno dia,Decrescente,Chuva,Dupla,Reta,2,0,2,0,2,SR-SP,
340524,13/02/2021,sábado,17:40:00,SP,ITAPECERICA DA SERRA,Chuva,Capotamento,Com Vítimas Feridas,Anoitecer,Decrescente,Chuva,Dupla,Curva,4,0,1,3,1,SR-SP,
340526,13/02/2021,sábado,18:30:00,SP,MAIRIPORA,Pista Escorregadia,Colisão com objeto,Com Vítimas Feridas,Anoitecer,Decrescente,Garoa/Chuvisco,Dupla,Reta,6,0,4,2,2,SR-SP,
340555,13/02/2021,sábado,20:30:00,SP,EMBU DAS ARTES,Velocidade Incompatível,Colisão traseira,Com Vítimas Feridas,Plena Noite,Crescente,Céu Claro,Dupla,Reta,5,0,3,2,2,SR-SP,
340580,13/02/2021,sábado,23:40:00,SP,REGISTRO,Ausência de reação do condutor,Atropelamento de Pedestre,Com Vítimas Feridas,Plena Noite,Decrescente,Ignorado,Dupla,Reta,2,0,0,2,1,SR-SP,
340600,14/02/2021,domingo,01:50:00,SP,SAO PAULO,Reação tardia ou ineficiente do condutor,Colisão com objeto,Com Vítimas Feridas,Plena Noite,Decrescente,Nublado,Dupla,Reta,2,0,1,1,1,SR-SP,
340609,14/02/2021,domingo,04:30:00,SP,GUARULHOS,Ingestão de álcool pelo condutor,Colisão traseira,Com Vítimas Feridas,Amanhecer,Decrescente,Céu Claro,Múltipla,Reta,3,0,1,1,3,SR-SP,
340612,14/02/2021,domingo,03:35:00,SP,TABOAO DA SERRA,Ausência de reação do condutor,Colisão transversal,Com Vítimas Feridas,Plena Noite,Crescente,Céu Claro,Múltipla,Reta,5,0,3,2,3,SR-SP,
340613,14/02/2021,domingo,04:35:00,SP,JUQUITIBA,Velocidade Incompatível,Tombamento,Com Vítimas Feridas,Plena Noite,Crescente,Céu Claro,Dupla,Desvio Temporário,1,0,0,1,1,SR-SP,
340625,14/02/2021,domingo,06:45:00,SP,SAO LOURENCO DA SERRA,Velocidade Incompatível,Colisão lateral,Com Vítimas Feridas,Amanhecer,Decrescente,Céu Claro,Dupla,Reta,1,0,0,1,1,SR-SP,
340652,14/02/2021,domingo,11:10:00,SP,MAIRIPORA,Ausência de reação do condutor,Colisão lateral,Com Vítimas Feridas,Pleno dia,Crescente,Sol,Dupla,Curva,2,0,1,1,2,SR-SP,
340657,14/02/2021,domingo,11:30:00,SP,SAO JOSE DO RIO PRETO,Reação tardia ou ineficiente do condutor,Tombamento,Com Vítimas Feridas,Pleno dia,Crescente,Sol,Dupla,Curva,1,0,0,1,1,SR-SP,
340667,14/02/2021,domingo,12:00:00,SP,SANTA ISABEL,Curva acentuada,Colisão com objeto,Com Vítimas Feridas,Pleno dia,Decrescente,Sol,Dupla,Curva,4,0,3,1,1,SR-SP,
340746,14/02/2021,domingo,19:05:00,SP,NOVA GRANADA,Transitar na contramão,Colisão frontal,Com Vítimas Fatais,Anoitecer,Crescente,Nublado,Simples,Reta,3,1,1,1,2,SR-SP,
340768,14/02/2021,domingo,20:00:00,SP,SAO JOSE DO RIO PRETO,Ingestão de álcool pelo condutor,Colisão frontal,Sem Vítimas,Plena Noite,Decrescente,Chuva,Dupla,Reta,3,0,3,0,2,SR-SP,
340780,14/02/2021,domingo,21:30:00,SP,SAO PAULO,Manobra de mudança de faixa,Colisão lateral mesmo sentido,Com Vítimas Feridas,Plena Noite,Crescente,Céu Claro,Dupla,Curva,4,0,1,3,2,SR-SP,
340795,14/02/2021,domingo,22:20:00,SP,SAO JOSE DOS CAMPOS,Ingestão de álcool pelo condutor,Colisão com objeto,Sem Vítimas,Plena Noite,Crescente,Céu Claro,Dupla,Reta,1,0,1,0,1,SR-SP,
340799,14/02/2021,domingo,22:59:00,SP,LAVRINHAS,Reação tardia ou ineficiente do condutor,Colisão com objeto,Sem Vítimas,Plena Noite,Crescente,Nublado,Dupla,Curva,2,0,2,0,2,SR-SP,
340810,14/02/2021,domingo,23:08:00,SP,LORENA,Objeto estático sobre o leito carroçável,Colisão com objeto,Sem Vítimas,Plena Noite,Crescente,Céu Claro,Dupla,Reta,2,0,1,0,1,SR-SP,
340843,15/02/2021,segunda-feira,05:00:00,SP,LAVRINHAS,Estacionar ou parar em local proibido,Colisão traseira,Sem Vítimas,Plena Noite,Crescente,Nublado,Dupla,Não Informado,1,0,0,0,1,SR-SP,
340858,15/02/2021,segunda-feira,07:10:00,SP,JACAREI,Velocidade Incompatível,Colisão com objeto,Sem Vítimas,Pleno dia,Decrescente,Céu Claro,Simples,Interseção de vias,1,0,0,0,1,SR-SP,
340875,15/02/2021,segunda-feira,11:20:00,SP,CAJATI,Afundamento ou ondulação no pavimento,Tombamento,Com Vítimas Feridas,Pleno dia,Crescente,Sol,Simples,Curva,2,0,0,1,1,SR-SP,
340878,15/02/2021,segunda-feira,11:35:00,SP,GUARULHOS,Demais falhas mecânicas ou elétricas,Queda de ocupante de veículo,Com Vítimas Feridas,Pleno dia,Decrescente,Sol,Múltipla,Reta,2,0,0,2,1,SR-SP,
340880,15/02/2021,segunda-feira,03:20:00,SP,GETULINA,Reação tardia ou ineficiente do condutor,Colisão com objeto,Sem Vítimas,Amanhecer,Crescente,Céu Claro,Simples,Reta,2,0,1,0,1,SR-SP,
340893,15/02/2021,segunda-feira,13:20:00,SP,SANTA ISABEL,Ausência de reação do condutor,Tombamento,Com Vítimas Feridas,Pleno dia,Decrescente,Sol,Múltipla,Não Informado,2,0,1,1,2,SR-SP,
340915,15/02/2021,segunda-feira,15:25:00,SP,UBATUBA,Chuva,Colisão com objeto,Sem Vítimas,Pleno dia,Crescente,Chuva,Simples,Não Informado,1,0,1,0,1,SR-SP,
341010,16/02/2021,terça-feira,05:20:00,SP,ROSEIRA,Animais na Pista,Atropelamento de Animal,Com Vítimas Feridas,Amanhecer,Decrescente,Nublado,Dupla,Reta,1,0,0,1,1,SR-SP,
341028,16/02/2021,terça-feira,08:30:00,SP,ONDA VERDE,Ausência de reação do condutor,Tombamento,Com Vítimas Feridas,Pleno dia,Crescente,Céu Claro,Simples,Reta,1,0,0,1,1,SR-SP,
341030,16/02/2021,terça-feira,06:45:00,SP,SAO PAULO,Ausência de reação do condutor,Capotamento,Com Vítimas Feridas,Pleno dia,Decrescente,Céu Claro,Dupla,Não Informado,1,0,0,1,1,SR-SP,
341053,16/02/2021,terça-feira,11:20:00,SP,ITAPECERICA DA SERRA,Manobra de mudança de faixa,Colisão lateral mesmo sentido,Com Vítimas Feridas,Pleno dia,Decrescente,Céu Claro,Dupla,Reta,6,0,5,1,2,SR-SP,
341063,16/02/2021,terça-feira,13:30:00,SP,EMBU DAS ARTES,Manobra de mudança de faixa,Colisão lateral mesmo sentido,Com Vítimas Feridas,Pleno dia,Decrescente,Sol,Dupla,Não Informado,2,0,1,1,2,SR-SP,
341083,16/02/2021,terça-feira,15:30:00,SP,ITAPECERICA DA SERRA,Pista Escorregadia,Tombamento,Com Vítimas Feridas,Pleno dia,Crescente,Nublado,Simples,Rotatória,1,0,0,1,1,SR-SP,
341100,16/02/2021,terça-feira,17:20:00,SP,PINDAMONHANGABA,Condutor deixou de manter distância do veículo da frente,Engavetamento,Com Vítimas Feridas,Pleno dia,Decrescente,Céu Claro,Múltipla,Não Informado,4,0,3,1,4,SR-SP,
341117,16/02/2021,terça-feira,18:20:00,SP,TABOAO DA SERRA,Manobra de mudança de faixa,Colisão lateral mesmo sentido,Com Vítimas Feridas,Anoitecer,Crescente,Nublado,Dupla,Reta,3,0,1,1,3,SR-SP,
341144,16/02/2021,terça-feira,21:30:00,SP,SAO PAULO,Velocidade Incompatível,Capotamento,Com Vítimas Feridas,Plena Noite,Decrescente,Céu Claro,Dupla,Curva,2,0,0,2,1,SR-SP,
341184,17/02/2021,quarta-feira,05:15:00,SP,GUARULHOS,Reação tardia ou ineficiente do condutor,Queda de ocupante de veículo,Com Vítimas Feridas,Pleno dia,Decrescente,Céu Claro,Múltipla,Reta,1,0,0,1,1,SR-SP,
341202,17/02/2021,quarta-feira,07:40:00,SP,TABOAO DA SERRA,Manobra de mudança de faixa,Colisão traseira,Com Vítimas Feridas,Pleno dia,Decrescente,Céu Claro,Dupla,Reta,6,0,2,4,4,SR-SP,
341222,17/02/2021,quarta-feira,08:20:00,SP,SAO JOSE DOS CAMPOS,Manobra de mudança de faixa,Colisão traseira,Com Vítimas Feridas,Pleno dia,Crescente,Nublado,Dupla,Reta,1,0,0,1,1,SR-SP,
341223,17/02/2021,quarta-feira,10:53:00,SP,GUARULHOS,Condutor deixou de manter distância do veículo da frente,Colisão traseira,Com Vítimas Feridas,Pleno dia,Crescente,Céu Claro,Dupla,Reta,5,0,3,2,2,SR-SP,
341227,17/02/2021,quarta-feira,11:59:00,SP,SAO LOURENCO DA SERRA,Ausência de reação do condutor,Tombamento,Com Vítimas Feridas,Pleno dia,Decrescente,Nublado,Dupla,Reta,1,0,0,1,1,SR-SP,
341229,17/02/2021,quarta-feira,08:40:00,SP,MAIRIPORA,Reação tardia ou ineficiente do condutor,Derramamento de carga,Com Vítimas Fatais,Pleno dia,Crescente,Céu Claro,Dupla,Desvio Temporário,5,1,3,1,4,SR-SP,
341263,17/02/2021,quarta-feira,15:20:00,SP,SAO JOSE DOS CAMPOS,Manobra de mudança de faixa,Colisão lateral,Com Vítimas Feridas,Pleno dia,Crescente,Chuva,Dupla,Reta,5,0,4,1,2,SR-SP,
341264,17/02/2021,quarta-feira,16:45:00,SP,JUQUITIBA,Mal súbito do condutor,Colisão lateral mesmo sentido,Com Vítimas Feridas,Pleno dia,Decrescente,Nublado,Dupla,Não Informado,4,0,3,1,3,SR-SP,
341319,17/02/2021,quarta-feira,22:20:00,SP,ITAPECERICA DA SERRA,Reação tardia ou ineficiente do condutor,Colisão traseira,Com Vítimas Feridas,Plena Noite,Decrescente,Chuva,Dupla,Reta,6,0,3,3,3,SR-SP,
341337,18/02/2021,quinta-feira,05:55:00,SP,SAO PAULO,Acessar a via sem observar a presença dos outros veículos,Atropelamento de Pedestre,Com Vítimas Fatais,Amanhecer,Decrescente,Céu Claro,Múltipla,Reta,2,1,1,0,1,SR-SP,
341341,18/02/2021,quinta-feira,06:51:00,SP,GUARULHOS,Manobra de mudança de faixa,Colisão traseira,Com Vítimas Feridas,Pleno dia,Crescente,Céu Claro,Dupla,Reta,2,0,1,1,2,SR-SP,
341370,03/01/2021,domingo,06:50:00,SP,CAJATI,Reação tardia ou ineficiente do condutor,Colisão com objeto,Com Vítimas Feridas,Pleno dia,Crescente,Céu Claro,Dupla,Curva,5,0,2,3,1,SR-SP,3.0
341372,18/02/2021,quinta-feira,07:50:00,SP,ATIBAIA,Condutor deixou de manter distância do veículo da frente,Colisão traseira,Com Vítimas Feridas,Pleno dia,Crescente,Sol,Múltipla,Reta,2,0,1,1,2,SR-SP,
341383,18/02/2021,quinta-feira,10:05:00,SP,SAO PAULO,Demais falhas mecânicas ou elétricas,Tombamento,Com Vítimas Feridas,Pleno dia,Crescente,Céu Claro,Dupla,Não Informado,2,0,1,1,2,SR-SP,
341411,18/02/2021,quinta-feira,12:00:00,SP,TAUBATE,Condutor deixou de manter distância do veículo da frente,Colisão traseira,Com Vítimas Feridas,Pleno dia,Decrescente,Sol,Dupla,Reta,2,0,1,1,2,SR-SP,
341428,18/02/2021,quinta-feira,14:30:00,SP,TABOAO DA SERRA,Acessar a via sem observar a presença dos outros veículos,Colisão traseira,Com Vítimas Feridas,Pleno dia,Decrescente,Céu Claro,Dupla,Reta,2,0,1,1,2,SR-SP,
341442,18/02/2021,quinta-feira,16:05:00,SP,MIRACATU,Reação tardia ou ineficiente do condutor,Saída de leito carroçável,Com Vítimas Feridas,Pleno dia,Crescente,Céu Claro,Dupla,Curva,1,0,0,1,1,SR-SP,
341457,18/02/2021,quinta-feira,17:18:00,SP,EMBU DAS ARTES,Demais falhas mecânicas ou elétricas,Queda de ocupante de veículo,Com Vítimas Feridas,Pleno dia,Decrescente,Céu Claro,Dupla,Reta,1,0,0,1,1,SR-SP,
341460,18/02/2021,quinta-feira,17:05:00,SP,ITAPECERICA DA SERRA,Acumulo de óleo sobre o pavimento,Tombamento,Com Vítimas Feridas,Pleno dia,Crescente,Céu Claro,Simples,Curva,1,0,0,1,1,SR-SP,
341522,18/02/2021,quinta-feira,23:50:00,SP,ONDA VERDE,Velocidade Incompatível,Colisão traseira,Com Vítimas Feridas,Plena Noite,Decrescente,Céu Claro,Simples,Reta,5,0,0,5,2,SR-SP,
341542,19/02/2021,sexta-feira,01:11:00,SP,MIRACATU,Problema com o freio,Saída de leito carroçável,Com Vítimas Feridas,Plena Noite,Crescente,Nublado,Simples,Reta,3,0,0,3,1,SR-SP,
341543,19/02/2021,sexta-feira,03:30:00,SP,SANTA ISABEL,Manobra de mudança de faixa,Colisão traseira,Com Vítimas Feridas,Plena Noite,Crescente,Céu Claro,Dupla,Reta,3,0,2,1,2,SR-SP,
341545,19/02/2021,sexta-feira,05:00:00,SP,GUARULHOS,Manobra de mudança de faixa,Colisão lateral,Sem Vítimas,Amanhecer,Decrescente,Céu Claro,Múltipla,Reta,2,0,1,0,2,SR-SP,
341546,19/02/2021,sexta-feira,03:30:00,SP,CAJATI,Demais falhas mecânicas ou elétricas,Incêndio,Sem Vítimas,Plena Noite,Decrescente,Nevoeiro/Neblina,Dupla,Desvio Temporário,2,0,2,0,1,SR-SP,
341564,19/02/2021,sexta-feira,07:20:00,SP,CACAPAVA,Condutor deixou de manter distância do veículo da frente,Colisão lateral,Com Vítimas Fatais,Pleno dia,Decrescente,Nublado,Dupla,Reta,2,1,1,0,2,SR-SP,
341587,19/02/2021,sexta-feira,07:40:00,SP,GUARATINGUETA,Velocidade Incompatível,Colisão frontal,Com Vítimas Feridas,Pleno dia,Decrescente,Céu Claro,Dupla,Não Informado,4,0,3,1,2,SR-SP,
341615,19/02/2021,sexta-feira,11:25:00,SP,SAO JOSE DO RIO PRETO,Avarias e/ou desgaste excessivo no pneu,Tombamento,Com Vítimas Feridas,Pleno dia,Crescente,Céu Claro,Dupla,Reta,1,0,0,1,1,SR-SP,
341626,19/02/2021,sexta-feira,11:30:00,SP,CAJATI,Acessar a via sem observar a presença dos outros veículos,Colisão lateral mesmo sentido,Com Vítimas Feridas,Pleno dia,Decrescente,Céu Claro,Dupla,Retorno Regulamentado,4,0,2,2,2,SR-SP,
341657,19/02/2021,sexta-feira,15:15:00,SP,TABOAO DA SERRA,Demais falhas mecânicas ou elétricas,Incêndio,Sem Vítimas,Pleno dia,Decrescente,Céu Claro,Dupla,Reta,2,0,2,0,1,SR-SP,
341661,19/02/2021,sexta-feira,15:15:00,SP,JACUPIRANGA,Velocidade Incompatível,Saída de leito carroçável,Com Vítimas Feridas,Pleno dia,Crescente,Céu Claro,Dupla,Curva,3,0,1,2,1,SR-SP,
341665,19/02/2021,sexta-feira,11:55:00,SP,SAO JOSE DOS CAMPOS,Demais falhas mecânicas ou elétricas,Incêndio,Sem Vítimas,Pleno dia,Crescente,Céu Claro,Múltipla,Reta,1,0,1,0,1,SR-SP,
341668,22/01/2021,sexta-feira,22:40:00,SP,CAJATI,Reação tardia ou ineficiente do condutor,Colisão traseira,Com Vítimas Feridas,Plena Noite,Decrescente,Chuva,Dupla,Reta,2,0,0,2,2,SR-SP,
341712,19/02/2021,sexta-feira,17:40:00,SP,ATIBAIA,Reação tardia ou ineficiente do condutor,Colisão traseira,Com Vítimas Feridas,Pleno dia,Crescente,Céu Claro,Dupla,Reta,2,0,1,1,2,SR-SP,
341714,26/01/2021,terça-feira,21:45:00,SP,REGISTRO,Acessar a via sem observar a presença dos outros veículos,Colisão lateral,Com Vítimas Feridas,Plena Noite,Decrescente,Céu Claro,Simples,Desvio Temporário,2,0,1,1,2,SR-SP,
341742,19/02/2021,sexta-feira,18:40:00,SP,APARECIDA,Transitar na contramão,Colisão frontal,Com Vítimas Feridas,Plena Noite,Crescente,Nublado,Dupla,Curva,2,0,0,2,2,SR-SP,
341746,19/02/2021,sexta-feira,20:30:00,SP,GUARULHOS,Ingestão de álcool pelo condutor,Engavetamento,Sem Vítimas,Plena Noite,Decrescente,Céu Claro,Múltipla,Reta,3,0,3,0,3,SR-SP,
341790,20/02/2021,sábado,06:35:00,SP,GUARULHOS,Avarias e/ou desgaste excessivo no pneu,Colisão com objeto,Com Vítimas Feridas,Pleno dia,Decrescente,Nublado,Múltipla,Reta,1,0,0,1,1,SR-SP,
341829,20/02/2021,sábado,10:40:00,SP,SAO PAULO,Objeto estático sobre o leito carroçável,Queda de ocupante de veículo,Com Vítimas Feridas,Pleno dia,Crescente,Céu Claro,Múltipla,Reta,1,0,0,1,1,SR-SP,
341848,20/02/2021,sábado,12:30:00,SP,GUARAREMA,Reação tardia ou ineficiente do condutor,Capotamento,Com Vítimas Feridas,Pleno dia,Crescente,Sol,Dupla,Reta,2,0,0,2,1,SR-SP,
341859,20/02/2021,sábado,11:50:00,SP,BARRA DO TURVO,Ausência de reação do condutor,Queda de ocupante de veículo,Com Vítimas Feridas,Pleno dia,Crescente,Céu Claro,Dupla,Curva,2,0,0,1,1,SR-SP,
341860,20/02/2021,sábado,11:10:00,SP,CAJATI,Demais falhas mecânicas ou elétricas,Incêndio,Sem Vítimas,Pleno dia,Crescente,Céu Claro,Simples,Reta,1,0,1,0,1,SR-SP,
341863,20/02/2021,sábado,14:00:00,SP,UBATUBA,Acessar a via sem observar a presença dos outros veículos,Colisão transversal,Com Vítimas Feridas,Pleno dia,Crescente,Nublado,Simples,Reta,2,0,0,2,2,SR-SP,
341881,20/02/2021,sábado,15:40:00,SP,GUAICARA,Reação tardia ou ineficiente do condutor,Saída de leito carroçável,Com Vítimas Feridas,Pleno dia,Decrescente,Céu Claro,Simples,Reta,1,0,0,1,1,SR-SP,
341888,20/02/2021,sábado,16:20:00,SP,ATIBAIA,Condutor deixou de manter distância do veículo da frente,Colisão traseira,Com Vítimas Feridas,Pleno dia,Crescente,Céu Claro,Dupla,Não Informado,2,0,1,1,2,SR-SP,
341895,20/02/2021,sábado,16:45:00,SP,SAO JOSE DOS CAMPOS,Carga excessiva e/ou mal acondicionada,Colisão traseira,Com Vítimas Feridas,Pleno dia,Decrescente,Céu Claro,Dupla,Não Informado,3,0,2,1,3,SR-SP,
341900,20/02/2021,sábado,17:15:00,SP,VARGEM,Curva acentuada,Queda de ocupante de veículo,Com Vítimas Feridas,Pleno dia,Crescente,Céu Claro,Dupla,Reta,1,0,0,1,1,SR-SP,
341919,20/02/2021,sábado,19:30:00,SP,LORENA,Animais na Pista,Engavetamento,Com Vítimas Feridas,Plena Noite,Decrescente,Chuva,Dupla,Reta,8,0,3,4,7,SR-SP,
341921,20/02/2021,sábado,19:15:00,SP,UBATUBA,Ingestão de álcool pelo condutor,Colisão traseira,Com Vítimas Feridas,Plena Noite,Decrescente,Chuva,Simples,Reta,2,0,0,1,2,SR-SP,
341929,20/02/2021,sábado,19:10:00,SP,MAIRIPORA,Velocidade Incompatível,Atropelamento de Pedestre,Com Vítimas Feridas,Plena Noite,Decrescente,Céu Claro,Dupla,Reta,3,0,0,1,1,SR-SP,
341939,20/02/2021,sábado,21:36:00,SP,GUARULHOS,Ausência de reação do condutor,Colisão traseira,Com Vítimas Feridas,Plena Noite,Decrescente,Céu Claro,Múltipla,Reta,2,0,0,1,2,SR-SP,
341983,21/02/2021,domingo,00:30:00,SP,GUARULHOS,Ingestão de álcool pelo condutor,Saída de leito carroçável,Com Vítimas Feridas,Pleno dia,Crescente,Nublado,Múltipla,Reta,1,0,0,1,1,SR-SP,
341987,21/02/2021,domingo,02:00:00,SP,JACAREI,Condutor deixou de manter distância do veículo da frente,Colisão traseira,Com Vítimas Feridas,Plena Noite,Decrescente,Céu Claro,Dupla,Não Informado,3,0,2,1,2,SR-SP,
341999,21/02/2021,domingo,02:40:00,SP,ATIBAIA,Avarias e/ou desgaste excessivo no pneu,Colisão com objeto,Sem Vítimas,Plena Noite,Crescente,Céu Claro,Dupla,Reta,6,0,6,0,1,SR-SP,
342004,21/02/2021,domingo,04:20:00,SP,GUARULHOS,Ausência de reação do condutor,Capotamento,Com Vítimas Feridas,Plena Noite,Decrescente,Céu Claro,Múltipla,Reta,5,0,3,2,1,SR-SP,