ID,DATA,DIA_SEMANA,HORARIO,ESTADO,MUNICIPIO,CAUSA_ACIDENTE,TIPO_ACIDENTE,CLASSIFICACAO_ACIDENTE,FASE_DIA,SENTIDO_VIA,CONDICAO_METEREOLOGICA,TIPO_PISTA,TRACADO_VIA,PESSOAS,MORTOS,ILESOS,FERIDOS,VEICULOS,REGIONAL,MES
342006,21/02/2021,domingo,04:10:00,SP,MAIRIPORA,Conversão proibida,Colisão transversal,Sem Vítimas,Plena Noite,Decrescente,Ignorado,Dupla,Reta,3,0,2,0,2,SR-SP,
342017,21/02/2021,domingo,06:30:00,SP,CAJATI,Reação tardia ou ineficiente do condutor,Queda de ocupante de veículo,Com Vítimas Feridas,Pleno dia,Crescente,Nublado,Dupla,Curva,1,0,0,1,1,SR-SP,
342037,21/02/2021,domingo,08:50:00,SP,SAO JOSE DOS CAMPOS,Ingestão de álcool pelo condutor,Capotamento,Sem Vítimas,Pleno dia,Decrescente,Céu Claro,Simples,Desvio Temporário,1,0,1,0,1,SR-SP,
342040,21/02/2021,domingo,08:50:00,SP,GUARULHOS,Ausência de reação do condutor,Colisão com objeto,Sem Vítimas,Pleno dia,Decrescente,Sol,Dupla,Reta,1,0,0,0,1,SR-SP,
342059,21/02/2021,domingo,12:40:00,SP,SAO PAULO,Velocidade Incompatível,Queda de ocupante de veículo,Com Vítimas Feridas,Pleno dia,Crescente,Sol,Dupla,Não Informado,1,0,0,1,1,SR-SP,
342067,21/02/2021,domingo,13:30:00,SP,UBATUBA,Desrespeitar a preferência no cruzamento,Colisão transversal,Com Vítimas Feridas,Pleno dia,Decrescente,Chuva,Simples,Rotatória,3,0,1,1,2,SR-SP,
342068,21/02/2021,domingo,13:25:00,SP,LORENA,Velocidade Incompatível,Colisão traseira,Com Vítimas Feridas,Pleno dia,Decrescente,Céu Claro,Múltipla,Reta,3,0,0,2,2,SR-SP,
342072,21/02/2021,domingo,09:24:00,SP,BARRA DO TURVO,Reação tardia ou ineficiente do condutor,Tombamento,Com Vítimas Feridas,Pleno dia,Decrescente,Sol,Dupla,Curva,1,0,0,1,1,SR-SP,
342092,21/02/2021,domingo,17:00:00,SP,SAO JOSE DOS CAMPOS,Manobra de mudança de faixa,Colisão lateral,Com Vítimas Feridas,Pleno dia,Crescente,Céu Claro,Múltipla,Reta,3,0,2,1,2,SR-SP,
342105,21/02/2021,domingo,18:00:00,SP,SAO PAULO,Condutor deixou de manter distância do veículo da frente,Queda de ocupante de veículo,Com Vítimas Feridas,Pleno dia,Crescente,Sol,Dupla,Reta,1,0,0,1,1,SR-SP,
342110,21/02/2021,domingo,17:30:00,SP,ICEM,Reação tardia ou ineficiente do condutor,Colisão traseira,Com Vítimas Feridas,Pleno dia,Crescente,Céu Claro,Simples,Reta,5,0,4,1,2,SR-SP,
342124,21/02/2021,domingo,18:00:00,SP,VARGEM,Condutor deixou de manter distância do veículo da frente,Colisão traseira,Sem Vítimas,Plena Noite,Crescente,Chuva,Dupla,Reta,6,0,6,0,3,SR-SP,
342126,21/02/2021,domingo,10:50:00,SP,CAJATI,Ausência de reação do condutor,Colisão traseira,Com Vítimas Feridas,Pleno dia,Crescente,Céu Claro,Simples,Reta,2,0,1,1,2,SR-SP,
342238,22/02/2021,segunda-feira,09:00:00,SP,TABOAO DA SERRA,Ausência de reação do condutor,Engavetamento,Com Vítimas Feridas,Pleno dia,Decrescente,Céu Claro,Dupla,Reta,3,0,2,1,3,SR-SP,
342248,22/02/2021,segunda-feira,09:31:00,SP,GUARULHOS,Reação tardia ou ineficiente do condutor,Colisão traseira,Com Vítimas Feridas,Pleno dia,Crescente,Céu Claro,Múltipla,Reta,4,0,3,1,3,SR-SP,
342249,22/02/2021,segunda-feira,09:30:00,SP,UBATUBA,Condutor deixou de manter distância do veículo da frente,Colisão traseira,Com Vítimas Feridas,Pleno dia,Crescente,Céu Claro,Simples,Rotatória,6,0,5,1,2,SR-SP,
342262,22/02/2021,segunda-feira,10:00:00,SP,JACAREI,Entrada inopinada do pedestre,Atropelamento de Pedestre,Com Vítimas Fatais,Pleno dia,Decrescente,Sol,Dupla,Reta,2,1,0,1,1,SR-SP,
342266,22/02/2021,segunda-feira,11:05:00,SP,SAO JOSE DO RIO PRETO,Retorno proibido,Colisão lateral mesmo sentido,Com Vítimas Feridas,Pleno dia,Decrescente,Sol,Simples,Não Informado,2,0,1,1,2,SR-SP,
342331,22/02/2021,segunda-feira,17:50:00,SP,SAO JOSE DOS CAMPOS,Trafegar com motocicleta (ou similar) entre as faixas,Colisão traseira,Com Vítimas Feridas,Anoitecer,Crescente,Nublado,Dupla,Reta,2,0,1,1,2,SR-SP,
342355,22/02/2021,segunda-feira,19:30:00,SP,GUARULHOS,Reação tardia ou ineficiente do condutor,Colisão traseira,Com Vítimas Feridas,Plena Noite,Decrescente,Céu Claro,Múltipla,Reta,2,0,1,1,2,SR-SP,
342384,23/02/2021,terça-feira,00:50:00,SP,TAUBATE,Reação tardia ou ineficiente do condutor,Colisão traseira,Com Vítimas Feridas,Plena Noite,Decrescente,Nublado,Dupla,Reta,2,0,1,1,2,SR-SP,
342386,23/02/2021,terça-feira,05:25:00,SP,SAO JOSE DO RIO PRETO,Carga excessiva e/ou mal acondicionada,Colisão com objeto,Com Vítimas Feridas,Amanhecer,Crescente,Céu Claro,Simples,Reta,2,0,1,1,1,SR-SP,
342399,23/02/2021,terça-feira,06:30:00,SP,EMBU DAS ARTES,Manobra de mudança de faixa,Colisão lateral mesmo sentido,Com Vítimas Feridas,Amanhecer,Crescente,Céu Claro,Dupla,Reta,5,0,2,3,4,SR-SP,
342416,23/02/2021,terça-feira,08:25:00,SP,SAO JOSE DOS CAMPOS,Reação tardia ou ineficiente do condutor,Colisão traseira,Com Vítimas Feridas,Pleno dia,Decrescente,Céu Claro,Dupla,Reta,2,0,1,1,2,SR-SP,
342421,23/02/2021,terça-feira,08:50:00,SP,MIRACATU,Carga excessiva e/ou mal acondicionada,Tombamento,Sem Vítimas,Pleno dia,Decrescente,Céu Claro,Múltipla,Curva,1,0,1,0,1,SR-SP,
342422,23/02/2021,terça-feira,09:00:00,SP,OURINHOS,Reação tardia ou ineficiente do condutor,Tombamento,Com Vítimas Feridas,Pleno dia,Crescente,Céu Claro,Dupla,Desvio Temporário,1,0,0,1,1,SR-SP,
342423,20/01/2021,quarta-feira,18:08:00,SP,EMBU DAS ARTES,Manobra de mudança de faixa,Colisão lateral mesmo sentido,Com Vítimas Feridas,Pleno dia,Decrescente,Nublado,Dupla,Curva,3,0,2,1,3,SR-SP,
342489,23/02/2021,terça-feira,16:10:00,SP,ARUJA,Ausência de reação do condutor,Colisão lateral,Com Vítimas Feridas,Pleno dia,Decrescente,Céu Claro,Múltipla,Não Informado,2,0,0,1,2,SR-SP,
342497,23/02/2021,terça-feira,17:15:00,SP,APARECIDA,Condutor Dormindo,Colisão traseira,Com Vítimas Feridas,Pleno dia,Decrescente,Céu Claro,Dupla,Reta,2,0,1,1,2,SR-SP,
342500,23/02/2021,terça-feira,17:45:00,SP,UBATUBA,Ausência de reação do condutor,Colisão transversal,Com Vítimas Feridas,Pleno dia,Crescente,Céu Claro,Simples,Reta,2,0,1,1,2,SR-SP,
342549,23/02/2021,terça-feira,23:00:00,SP,SAO PAULO,Velocidade Incompatível,Colisão traseira,Com Vítimas Fatais,Plena Noite,Decrescente,Céu Claro,Dupla,Não Informado,6,3,2,0,3,SR-SP,
342551,23/02/2021,terça-feira,22:20:00,SP,MIRACATU,Manobra de mudança de faixa,Tombamento,Com Vítimas Feridas,Plena Noite,Crescente,Céu Claro,Dupla,Não Informado,3,0,0,3,1,SR-SP,
342573,24/02/2021,quarta-feira,07:10:00,SP,UBATUBA,Acessar a via sem observar a presença dos outros veículos,Colisão transversal,Com Vítimas Feridas,Pleno dia,Crescente,Sol,Simples,Reta,2,0,0,2,2,SR-SP,
342585,24/02/2021,quarta-feira,07:50:00,SP,CACAPAVA,Velocidade Incompatível,Tombamento,Com Vítimas Feridas,Pleno dia,Crescente,Sol,Dupla,Reta,3,0,1,2,2,SR-SP,
342597,24/02/2021,quarta-feira,09:09:00,SP,SAO PAULO,Trafegar com motocicleta (ou similar) entre as faixas,Colisão lateral mesmo sentido,Com Vítimas Feridas,Pleno dia,Crescente,Céu Claro,Múltipla,Reta,4,0,2,2,3,SR-SP,
342622,24/02/2021,quarta-feira,10:00:00,SP,MAIRIPORA,Ausência de reação do condutor,Colisão traseira,Com Vítimas Feridas,Pleno dia,Decrescente,Céu Claro,Dupla,Reta,3,0,2,1,3,SR-SP,
342639,24/02/2021,quarta-feira,14:10:00,SP,BARRA DO TURVO,Reação tardia ou ineficiente do condutor,Colisão traseira,Com Vítimas Feridas,Plena Noite,Decrescente,Chuva,Dupla,Reta,2,0,1,1,2,SR-SP,
342656,24/02/2021,quarta-feira,15:30:00,SP,MARILIA,Acumulo de óleo sobre o pavimento,Tombamento,Com Vítimas Feridas,Pleno dia,Crescente,Sol,Dupla,Reta,2,0,0,2,1,SR-SP,
342674,24/02/2021,quarta-feira,17:05:00,SP,MIRACATU,Chuva,Tombamento,Com Vítimas Feridas,Pleno dia,Crescente,Chuva,Dupla,Reta,1,0,0,1,1,SR-SP,
342675,24/02/2021,quarta-feira,16:00:00,SP,JUQUITIBA,Pista Escorregadia,Saída de leito carroçável,Sem Vítimas,Pleno dia,Decrescente,Chuva,Dupla,Reta,1,0,1,0,1,SR-SP,
342691,24/02/2021,quarta-feira,18:50:00,SP,ATIBAIA,Chuva,Queda de ocupante de veículo,Com Vítimas Feridas,Anoitecer,Decrescente,Chuva,Múltipla,Reta,2,0,0,1,1,SR-SP,
342726,19/01/2021,terça-feira,19:40:00,SP,GUARULHOS,Transitar na contramão,Colisão frontal,Com Vítimas Feridas,Plena Noite,Decrescente,Céu Claro,Dupla,Interseção de vias,2,0,0,2,2,SR-SP,
342740,25/02/2021,quinta-feira,04:35:00,SP,ARUJA,Pista Escorregadia,Colisão com objeto,Sem Vítimas,Amanhecer,Decrescente,Chuva,Dupla,Não Informado,2,0,2,0,1,SR-SP,
342758,25/02/2021,quinta-feira,06:00:00,SP,MIRASSOL,Ausência de reação do condutor,Saída de leito carroçável,Com Vítimas Feridas,Amanhecer,Decrescente,Céu Claro,Simples,Não Informado,3,0,2,1,1,SR-SP,
342762,25/02/2021,quinta-feira,08:00:00,SP,EMBU DAS ARTES,Condutor deixou de manter distância do veículo da frente,Colisão traseira,Com Vítimas Feridas,Pleno dia,Decrescente,Céu Claro,Dupla,Reta,3,0,1,2,2,SR-SP,
342774,25/02/2021,quinta-feira,09:20:00,SP,GUARATINGUETA,Entrada inopinada do pedestre,Atropelamento de Pedestre,Com Vítimas Fatais,Pleno dia,Decrescente,Chuva,Dupla,Não Informado,3,1,2,0,1,SR-SP,
342810,19/01/2021,terça-feira,11:15:00,SP,CANAS,Reação tardia ou ineficiente do condutor,Colisão traseira,Com Vítimas Feridas,Pleno dia,Decrescente,Nublado,Dupla,Reta,2,0,1,1,2,SR-SP,
342813,25/02/2021,quinta-feira,14:10:00,SP,PINDAMONHANGABA,Avarias e/ou desgaste excessivo no pneu,Tombamento,Com Vítimas Feridas,Pleno dia,Decrescente,Chuva,Dupla,Reta,2,0,0,2,1,SR-SP,
342820,25/02/2021,quinta-feira,13:50:00,SP,BARRA DO TURVO,Reação tardia ou ineficiente do condutor,Saída de leito carroçável,Com Vítimas Feridas,Pleno dia,Decrescente,Chuva,Dupla,Reta,1,0,0,1,1,SR-SP,
342828,25/02/2021,quinta-feira,15:15:00,SP,CAJATI,Velocidade Incompatível,Colisão com objeto,Com Vítimas Feridas,Pleno dia,Decrescente,Chuva,Dupla,Curva,1,0,0,1,1,SR-SP,
342847,25/02/2021,quinta-feira,11:22:00,SP,PINDAMONHANGABA,Mal súbito do condutor,Colisão traseira,Com Vítimas Feridas,Pleno dia,Decrescente,Nublado,Dupla,Não Informado,2,0,1,1,2,SR-SP,
342860,25/02/2021,quinta-feira,17:23:00,SP,SAO LOURENCO DA SERRA,Mal súbito do condutor,Colisão com objeto,Com Vítimas Feridas,Pleno dia,Decrescente,Nublado,Múltipla,Reta,2,0,0,2,1,SR-SP,
342874,25/02/2021,quinta-feira,18:00:00,SP,GUARULHOS,Condutor deixou de manter distância do veículo da frente,Colisão traseira,Com Vítimas Feridas,Anoitecer,Crescente,Chuva,Múltipla,Reta,2,0,1,1,2,SR-SP,
342881,31/01/2021,domingo,05:20:00,SP,TABOAO DA SERRA,Ausência de reação do condutor,Tombamento,Com Vítimas Feridas,Amanhecer,Crescente,Céu Claro,Dupla,Reta,1,0,0,1,1,SR-SP,
342898,25/02/2021,quinta-feira,18:40:00,SP,MAIRIPORA,Reação tardia ou ineficiente do condutor,Colisão com objeto,Com Vítimas Feridas,Anoitecer,Decrescente,Chuva,Dupla,Reta,2,0,1,1,2,SR-SP,
342905,25/02/2021,quinta-feira,20:00:00,SP,SANTA ISABEL,Objeto estático sobre o leito carroçável,Colisão com objeto,Com Vítimas Feridas,Plena Noite,Decrescente,Nublado,Dupla,Curva,1,0,0,1,1,SR-SP,
342918,25/02/2021,quinta-feira,22:10:00,SP,TAUBATE,Condutor deixou de manter distância do veículo da frente,Colisão traseira,Com Vítimas Feridas,Plena Noite,Decrescente,Chuva,Dupla,Reta,2,0,1,1,2,SR-SP,
342920,25/02/2021,quinta-feira,22:30:00,SP,TAUBATE,Chuva,Colisão com objeto,Com Vítimas Feridas,Plena Noite,Decrescente,Garoa/Chuvisco,Dupla,Reta,2,0,1,1,1,SR-SP,
342923,25/02/2021,quinta-feira,22:15:00,SP,SAO JOSE DOS CAMPOS,Ingestão de álcool pelo condutor,Colisão com objeto,Sem Vítimas,Plena Noite,Crescente,Chuva,Simples,Não Informado,2,0,2,0,2,SR-SP,
343009,26/02/2021,sexta-feira,11:30:00,SP,MAIRIPORA,Velocidade Incompatível,Colisão com objeto,Com Vítimas Feridas,Pleno dia,Decrescente,Chuva,Dupla,Curva,2,0,1,1,1,SR-SP,
343013,26/02/2021,sexta-feira,11:40:00,SP,GUARULHOS,Acumulo de água sobre o pavimento,Tombamento,Com Vítimas Feridas,Pleno dia,Decrescente,Chuva,Múltipla,Reta,1,0,0,1,1,SR-SP,
343058,26/02/2021,sexta-feira,14:50:00,SP,MARILIA,Reação tardia ou ineficiente do condutor,Tombamento,Sem Vítimas,Pleno dia,Decrescente,Sol,Dupla,Rotatória,1,0,1,0,1,SR-SP,
343072,26/02/2021,sexta-feira,17:00:00,SP,GUARULHOS,Trafegar com motocicleta (ou similar) entre as faixas,Colisão lateral mesmo sentido,Com Vítimas Feridas,Pleno dia,Crescente,Céu Claro,Dupla,Reta,4,0,3,1,4,SR-SP,
343073,26/02/2021,sexta-feira,17:10:00,SP,SAO JOSE DO RIO PRETO,Reação tardia ou ineficiente do condutor,Colisão transversal,Com Vítimas Feridas,Anoitecer,Decrescente,Nublado,Simples,Desvio Temporário,2,0,1,1,2,SR-SP,
343098,26/02/2021,sexta-feira,17:00:00,SP,ATIBAIA,Manobra de mudança de faixa,Colisão lateral mesmo sentido,Com Vítimas Feridas,Pleno dia,Decrescente,Céu Claro,Dupla,Curva,3,0,2,1,2,SR-SP,
343101,26/02/2021,sexta-feira,18:45:00,SP,JACAREI,Trafegar com motocicleta (ou similar) entre as faixas,Colisão traseira,Com Vítimas Feridas,Plena Noite,Decrescente,Garoa/Chuvisco,Dupla,Reta,3,0,2,1,3,SR-SP,
343104,26/02/2021,sexta-feira,19:25:00,SP,CACHOEIRA PAULISTA,Velocidade Incompatível,Capotamento,Com Vítimas Feridas,Plena Noite,Decrescente,Chuva,Dupla,Curva,1,0,0,1,1,SR-SP,
343136,26/02/2021,sexta-feira,21:30:00,SP,JACAREI,Velocidade Incompatível,Saída de leito carroçável,Com Vítimas Feridas,Plena Noite,Decrescente,Nublado,Dupla,Reta,1,0,0,1,1,SR-SP,
343153,27/02/2021,sábado,00:00:00,SP,TABOAO DA SERRA,Ausência de reação do condutor,Colisão traseira,Com Vítimas Feridas,Plena Noite,Crescente,Nublado,Dupla,Reta,2,0,1,1,2,SR-SP,
343165,27/02/2021,sábado,01:07:00,SP,JACUPIRANGA,Pedestre cruzava a pista fora da faixa,Atropelamento de Pedestre,Com Vítimas Fatais,Plena Noite,Crescente,Garoa/Chuvisco,Dupla,Reta,2,1,1,0,1,SR-SP,
343231,27/02/2021,sábado,11:18:00,SP,MARILIA,Animais na Pista,Queda de ocupante de veículo,Com Vítimas Feridas,Pleno dia,Crescente,Sol,Dupla,Reta,1,0,0,1,1,SR-SP,
343263,27/02/2021,sábado,13:30:00,SP,TAUBATE,Pedestre andava na pista,Atropelamento de Pedestre,Com Vítimas Feridas,Pleno dia,Decrescente,Céu Claro,Dupla,Reta,3,0,2,1,1,SR-SP,
343280,27/02/2021,sábado,15:40:00,SP,MIRACATU,Ausência de reação do condutor,Colisão com objeto,Com Vítimas Feridas,Pleno dia,Decrescente,Nublado,Dupla,Reta,2,0,0,2,1,SR-SP,
343290,27/02/2021,sábado,16:30:00,SP,SAO JOSE DO RIO PRETO,Velocidade Incompatível,Saída de leito carroçável,Com Vítimas Feridas,Pleno dia,Decrescente,Nublado,Dupla,Reta,1,0,0,1,1,SR-SP,
343291,27/02/2021,sábado,14:15:00,SP,MIRACATU,Ausência de reação do condutor,Colisão com objeto,Com Vítimas Feridas,Pleno dia,Decrescente,Céu Claro,Múltipla,Curva,2,0,0,2,1,SR-SP,
343300,27/02/2021,sábado,17:10:00,SP,NOVA GRANADA,Acessar a via sem observar a presença dos outros veículos,Saída de leito carroçável,Com Vítimas Feridas,Pleno dia,Crescente,Céu Claro,Simples,Reta,3,0,1,1,2,SR-SP,
343304,27/02/2021,sábado,16:00:00,SP,GUARATINGUETA,Avarias e/ou desgaste excessivo no pneu,Tombamento,Com Vítimas Feridas,Pleno dia,Crescente,Nublado,Dupla,Reta,2,0,1,1,1,SR-SP,
343339,27/02/2021,sábado,20:10:00,SP,REGISTRO,Pedestre cruzava a pista fora da faixa,Atropelamento de Pedestre,Com Vítimas Fatais,Plena Noite,Decrescente,Chuva,Dupla,Curva,2,1,0,0,1,SR-SP,
343356,27/02/2021,sábado,21:20:00,SP,MAIRIPORA,Pista Escorregadia,Colisão com objeto,Com Vítimas Feridas,Plena Noite,Decrescente,Chuva,Dupla,Curva,1,0,0,1,1,SR-SP,
343362,27/02/2021,sábado,22:20:00,SP,GUARULHOS,Demais falhas mecânicas ou elétricas,Queda de ocupante de veículo,Com Vítimas Feridas,Plena Noite,Crescente,Chuva,Múltipla,Reta,1,0,0,1,1,SR-SP,
343367,27/02/2021,sábado,21:50:00,SP,JACAREI,Ingestão de álcool pelo condutor,Colisão traseira,Com Vítimas Feridas,Plena Noite,Decrescente,Nublado,Dupla,Reta,2,0,1,1,2,SR-SP,
343385,28/02/2021,domingo,02:00:00,SP,SAO JOSE DOS CAMPOS,Reação tardia ou ineficiente do condutor,Colisão com objeto,Com Vítimas Feridas,Plena Noite,Crescente,Nublado,Dupla,Retorno Regulamentado,1,0,0,1,1,SR-SP,
343392,28/02/2021,domingo,00:50:00,SP,SAO PAULO,Chuva,Capotamento,Com Vítimas Feridas,Plena Noite,Crescente,Nevoeiro/Neblina,Dupla,Curva,2,0,1,1,1,SR-SP,
343401,28/02/2021,domingo,05:50:00,SP,ARUJA,Manobra de mudança de faixa,Colisão lateral mesmo sentido,Com Vítimas Feridas,Amanhecer,Crescente,Nublado,Dupla,Curva,2,0,0,1,2,SR-SP,
343409,28/02/2021,domingo,06:45:00,SP,GUARULHOS,Velocidade Incompatível,Colisão lateral mesmo sentido,Com Vítimas Feridas,Amanhecer,Decrescente,Céu Claro,Dupla,Reta,1,0,0,1,1,SR-SP,
343415,28/02/2021,domingo,03:00:00,SP,SAO PAULO,Velocidade Incompatível,Capotamento,Com Vítimas Feridas,Plena Noite,Crescente,Céu Claro,Dupla,Reta,1,0,0,1,1,SR-SP,
343425,28/02/2021,domingo,03:30:00,SP,UBATUBA,Condutor deixou de manter distância do veículo da frente,Colisão traseira,Com Vítimas Feridas,Plena Noite,Decrescente,Céu Claro,Simples,Reta,2,0,0,1,2,SR-SP,
343429,09/02/2021,terça-feira,04:50:00,SP,MIRACATU,Velocidade Incompatível,Tombamento,Sem Vítimas,Plena Noite,Crescente,Céu Claro,Dupla,Curva,1,0,1,0,1,SR-SP,9.0
343435,28/02/2021,domingo,08:30:00,SP,MIRACATU,Reação tardia ou ineficiente do condutor,Colisão traseira,Com Vítimas Feridas,Pleno dia,Crescente,Nublado,Dupla,Não Informado,4,0,1,3,2,SR-SP,
343441,28/02/2021,domingo,10:10:00,SP,CACAPAVA,Avarias e/ou desgaste excessivo no pneu,Queda de ocupante de veículo,Com Vítimas Feridas,Pleno dia,Crescente,Nublado,Dupla,Reta,2,0,0,2,1,SR-SP,
343447,28/02/2021,domingo,11:35:00,SP,SAO PAULO,Pedestre cruzava a pista fora da faixa,Atropelamento de Pedestre,Com Vítimas Fatais,Pleno dia,Decrescente,Céu Claro,Múltipla,Reta,2,1,1,0,1,SR-SP,
343449,28/02/2021,domingo,11:50:00,SP,JOSE BONIFACIO,Avarias e/ou desgaste excessivo no pneu,Tombamento,Com Vítimas Feridas,Pleno dia,Decrescente,Nublado,Simples,Reta,2,0,0,2,1,SR-SP,
343451,28/02/2021,domingo,11:40:00,SP,MIRACATU,Velocidade Incompatível,Capotamento,Com Vítimas Feridas,Pleno dia,Decrescente,Céu Claro,Dupla,Reta,1,0,0,1,1,SR-SP,
343484,28/02/2021,domingo,16:00:00,SP,ATIBAIA,Condutor deixou de manter distância do veículo da frente,Colisão traseira,Sem Vítimas,Pleno dia,Crescente,Nublado,Dupla,Reta,2,0,2,0,2,SR-SP,
343485,28/02/2021,domingo,16:30:00,SP,UBATUBA,Ausência de reação do condutor,Colisão traseira,Com Vítimas Feridas,Pleno dia,Decrescente,Nublado,Simples,Reta,2,0,1,1,2,SR-SP,
343486,28/02/2021,domingo,14:30:00,SP,ROSEIRA,Avarias e/ou desgaste excessivo no pneu,Tombamento,Com Vítimas Feridas,Pleno dia,Crescente,Céu Claro,Dupla,Não Informado,2,0,0,2,1,SR-SP,
343488,28/02/2021,domingo,17:00:00,SP,SAO LOURENCO DA SERRA,Ingestão de álcool pelo condutor,Saída de leito carroçável,Com Vítimas Feridas,Anoitecer,Decrescente,Garoa/Chuvisco,Dupla,Reta,3,0,2,1,1,SR-SP,
343522,28/02/2021,domingo,16:10:00,SP,SAO PAULO,Ausência de reação do condutor,Capotamento,Com Vítimas Feridas,Pleno dia,Crescente,Nublado,Múltipla,Curva,3,0,0,3,1,SR-SP,
343540,28/02/2021,domingo,20:10:00,SP,REGISTRO,Ingestão de álcool pelo condutor,Colisão traseira,Com Vítimas Feridas,Plena Noite,Decrescente,Chuva,Dupla,Curva,3,0,2,1,1,SR-SP,
343547,28/02/2021,domingo,21:50:00,SP,SAO PAULO,Condutor deixou de manter distância do veículo da frente,Colisão traseira,Com Vítimas Feridas,Plena Noite,Decrescente,Nublado,Múltipla,Reta,2,0,0,1,2,SR-SP,
343548,28/02/2021,domingo,20:45:00,SP,MAIRIPORA,Condutor deixou de manter distância do veículo da frente,Colisão traseira,Sem Vítimas,Plena Noite,Crescente,Céu Claro,Dupla,Reta,2,0,2,0,2,SR-SP,
343566,28/02/2021,domingo,23:45:00,SP,UBATUBA,Transitar na contramão,Colisão frontal,Com Vítimas Fatais,Plena Noite,Decrescente,Nublado,Simples,Curva,6,1,3,1,3,SR-SP,
343600,01/03/2021,segunda-feira,06:00:00,SP,SANTA ISABEL,Condutor Dormindo,Colisão lateral mesmo sentido,Com Vítimas Feridas,Amanhecer,Crescente,Sol,Dupla,Reta,2,0,1,1,2,SR-SP,1.0
343616,01/03/2021,segunda-feira,07:50:00,SP,EMBU DAS ARTES,Reação tardia ou ineficiente do condutor,Colisão traseira,Com Vítimas Feridas,Pleno dia,Decrescente,Céu Claro,Dupla,Reta,2,0,0,2,2,SR-SP,1.0
343628,01/03/2021,segunda-feira,07:30:00,SP,ITAPECERICA DA SERRA,Ausência de reação do condutor,Queda de ocupante de veículo,Com Vítimas Feridas,Pleno dia,Decrescente,Sol,Dupla,Não Informado,1,0,0,1,1,SR-SP,1.0
343647,01/03/2021,segunda-feira,10:35:00,SP,GUARULHOS,Trafegar com motocicleta (ou similar) entre as faixas,Colisão lateral mesmo sentido,Com Vítimas Feridas,Pleno dia,Crescente,Céu Claro,Múltipla,Reta,2,0,0,1,2,SR-SP,1.0
343697,01/03/2021,segunda-feira,15:15:00,SP,JUQUITIBA,Chuva,Colisão com objeto,Com Vítimas Feridas,Pleno dia,Crescente,Chuva,Dupla,Reta,1,0,0,1,1,SR-SP,1.0
343710,01/03/2021,segunda-feira,18:00:00,SP,GUARULHOS,Problema com o freio,Colisão traseira,Com Vítimas Feridas,Anoitecer,Crescente,Céu Claro,Múltipla,Não Informado,2,0,0,2,2,SR-SP,1.0
343715,25/01/2021,segunda-feira,14:30:00,SP,TABOAO DA SERRA,Ausência de reação do condutor,Colisão traseira,Com Vítimas Feridas,Pleno dia,Crescente,Nublado,Dupla,Reta,2,0,1,1,2,SR-SP,
343748,01/03/2021,segunda-feira,21:00:00,SP,MIRACATU,Demais falhas mecânicas ou elétricas,Incêndio,Sem Vítimas,Plena Noite,Crescente,Céu Claro,Dupla,Reta,1,0,1,0,1,SR-SP,1.0
343825,02/03/2021,terça-feira,10:45:00,SP,CAJATI,Manobra de mudança de faixa,Colisão lateral mesmo sentido,Com Vítimas Feridas,Pleno dia,Crescente,Céu Claro,Múltipla,Reta,3,0,1,2,2,SR-SP,2.0
343839,02/03/2021,terça-feira,13:00:00,SP,GUARULHOS,Problema na suspensão,Colisão com objeto,Com Vítimas Feridas,Pleno dia,Decrescente,Céu Claro,Múltipla,Reta,1,0,0,1,1,SR-SP,2.0
343845,02/03/2021,terça-feira,13:20:00,SP,CAJATI,Velocidade Incompatível,Saída de leito carroçável,Sem Vítimas,Pleno dia,Crescente,Céu Claro,Dupla,Curva,1,0,1,0,1,SR-SP,2.0