ID,DATA,DIA_SEMANA,HORARIO,ESTADO,MUNICIPIO,CAUSA_ACIDENTE,TIPO_ACIDENTE,CLASSIFICACAO_ACIDENTE,FASE_DIA,SENTIDO_VIA,CONDICAO_METEREOLOGICA,TIPO_PISTA,TRACADO_VIA,PESSOAS,MORTOS,ILESOS,FERIDOS,VEICULOS,REGIONAL,MES
352953,20/04/2021,terça-feira,13:40:00,SP,EMBU DAS ARTES,Reação tardia ou ineficiente do condutor,Colisão traseira,Com Vítimas Feridas,Pleno dia,Decrescente,Garoa/Chuvisco,Dupla,Reta,3,0,2,1,3,SR-SP,
352967,20/04/2021,terça-feira,15:55:00,SP,GUARULHOS,Manobra de mudança de faixa,Colisão lateral mesmo sentido,Com Vítimas Feridas,Pleno dia,Crescente,Céu Claro,Múltipla,Reta,3,0,2,1,3,SR-SP,
352993,20/04/2021,terça-feira,18:30:00,SP,EMBU DAS ARTES,Transitar no acostamento,Atropelamento de Pedestre,Com Vítimas Fatais,Plena Noite,Crescente,Garoa/Chuvisco,Dupla,Reta,3,1,0,0,1,SR-SP,
352997,20/04/2021,terça-feira,19:10:00,SP,GUARULHOS,Ausência de reação do condutor,Colisão traseira,Com Vítimas Feridas,Plena Noite,Decrescente,Céu Claro,Dupla,Desvio Temporário,3,0,1,1,3,SR-SP,
353005,20/04/2021,terça-feira,19:10:00,SP,MAIRIPORA,Pedestre cruzava a pista fora da faixa,Atropelamento de Pedestre,Com Vítimas Fatais,Plena Noite,Crescente,Garoa/Chuvisco,Dupla,Não Informado,3,1,1,0,1,SR-SP,
353022,20/04/2021,terça-feira,20:30:00,SP,SALTO GRANDE,Avarias e/ou desgaste excessivo no pneu,Tombamento,Com Vítimas Feridas,Plena Noite,Crescente,Céu Claro,Simples,Não Informado,2,0,0,2,1,SR-SP,
353023,20/04/2021,terça-feira,19:40:00,SP,GUARULHOS,Conversão proibida,Colisão traseira,Com Vítimas Feridas,Plena Noite,Decrescente,Garoa/Chuvisco,Dupla,Reta,4,0,1,3,2,SR-SP,
353047,20/04/2021,terça-feira,22:50:00,SP,REGISTRO,Transitar na contramão,Colisão frontal,Com Vítimas Feridas,Plena Noite,Decrescente,Garoa/Chuvisco,Dupla,Reta,9,0,4,5,3,SR-SP,
353053,21/04/2021,quarta-feira,00:15:00,SP,CAJATI,Acumulo de óleo sobre o pavimento,Queda de ocupante de veículo,Com Vítimas Feridas,Plena Noite,Decrescente,Céu Claro,Simples,Curva,1,0,0,1,1,SR-SP,
353074,20/04/2021,terça-feira,22:30:00,SP,JACAREI,Objeto estático sobre o leito carroçável,Colisão com objeto,Sem Vítimas,Plena Noite,Crescente,Céu Claro,Dupla,Reta,1,0,1,0,1,SR-SP,
353083,21/04/2021,quarta-feira,07:35:00,SP,BARRA DO TURVO,Pista Escorregadia,Colisão com objeto,Com Vítimas Feridas,Pleno dia,Crescente,Garoa/Chuvisco,Dupla,Curva,5,0,0,5,1,SR-SP,
353132,21/04/2021,quarta-feira,14:45:00,SP,BARRA DO TURVO,Reação tardia ou ineficiente do condutor,Engavetamento,Com Vítimas Feridas,Pleno dia,Crescente,Chuva,Simples,Reta,10,0,7,3,6,SR-SP,
353150,21/04/2021,quarta-feira,16:55:00,SP,GUARULHOS,Condutor deixou de manter distância do veículo da frente,Colisão lateral mesmo sentido,Com Vítimas Feridas,Pleno dia,Decrescente,Céu Claro,Simples,Reta,2,0,1,1,2,SR-SP,
353155,21/04/2021,quarta-feira,17:00:00,SP,SAO PAULO,Manobra de mudança de faixa,Colisão lateral mesmo sentido,Sem Vítimas,Anoitecer,Decrescente,Nublado,Múltipla,Reta,2,0,2,0,2,SR-SP,
353157,21/04/2021,quarta-feira,17:10:00,SP,GUARULHOS,Reação tardia ou ineficiente do condutor,Colisão traseira,Com Vítimas Feridas,Anoitecer,Crescente,Céu Claro,Múltipla,Não Informado,3,0,2,1,2,SR-SP,
353167,21/04/2021,quarta-feira,17:30:00,SP,SAO LOURENCO DA SERRA,Curva acentuada,Tombamento,Com Vítimas Feridas,Anoitecer,Decrescente,Garoa/Chuvisco,Dupla,Curva,1,0,0,1,1,SR-SP,
353191,21/04/2021,quarta-feira,20:00:00,SP,PINDAMONHANGABA,Manobra de mudança de faixa,Colisão com objeto,Com Vítimas Feridas,Plena Noite,Crescente,Céu Claro,Dupla,Reta,2,0,0,2,1,SR-SP,
353192,21/04/2021,quarta-feira,20:30:00,SP,SAO PAULO,Reação tardia ou ineficiente do condutor,Colisão traseira,Com Vítimas Fatais,Plena Noite,Crescente,Nublado,Múltipla,Reta,3,1,2,0,2,SR-SP,
353198,21/04/2021,quarta-feira,21:00:00,SP,SAO PAULO,Entrada inopinada do pedestre,Atropelamento de Pedestre,Com Vítimas Feridas,Plena Noite,Decrescente,Nublado,Múltipla,Reta,2,0,1,1,1,SR-SP,
353203,21/04/2021,quarta-feira,21:00:00,SP,SAO LOURENCO DA SERRA,Chuva,Colisão traseira,Com Vítimas Feridas,Plena Noite,Crescente,Chuva,Dupla,Reta,3,0,0,3,1,SR-SP,
353206,21/04/2021,quarta-feira,21:35:00,SP,TAUBATE,Manobra de mudança de faixa,Colisão traseira,Com Vítimas Feridas,Plena Noite,Decrescente,Nublado,Dupla,Reta,2,0,1,1,2,SR-SP,
353232,22/04/2021,quinta-feira,00:45:00,SP,ITAPECERICA DA SERRA,Ausência de reação do condutor,Capotamento,Sem Vítimas,Plena Noite,Decrescente,Nublado,Dupla,Reta,2,0,1,0,2,SR-SP,
353236,22/04/2021,quinta-feira,03:30:00,SP,GUARULHOS,Ingestão de álcool pelo condutor,Colisão traseira,Com Vítimas Fatais,Plena Noite,Decrescente,Nublado,Múltipla,Reta,3,1,1,0,3,SR-SP,
353242,22/04/2021,quinta-feira,05:15:00,SP,SAO PAULO,Velocidade Incompatível,Colisão com objeto,Com Vítimas Feridas,Amanhecer,Crescente,Céu Claro,Múltipla,Reta,2,0,1,1,1,SR-SP,
353304,22/04/2021,quinta-feira,12:30:00,SP,ONDA VERDE,Acessar a via sem observar a presença dos outros veículos,Colisão transversal,Sem Vítimas,Pleno dia,Decrescente,Sol,Simples,Interseção de vias,2,0,2,0,2,SR-SP,
353327,29/01/2021,sexta-feira,11:30:00,SP,EMBU DAS ARTES,Velocidade Incompatível,Colisão traseira,Sem Vítimas,Pleno dia,Crescente,Céu Claro,Dupla,Reta,3,0,2,0,2,SR-SP,
353329,22/04/2021,quinta-feira,15:15:00,SP,SAO JOSE DOS CAMPOS,Condutor deixou de manter distância do veículo da frente,Colisão traseira,Com Vítimas Feridas,Pleno dia,Crescente,Céu Claro,Múltipla,Desvio Temporário,1,0,0,1,1,SR-SP,
353370,22/04/2021,quinta-feira,18:44:00,SP,GUARULHOS,Acesso irregular,Atropelamento de Pedestre,Com Vítimas Feridas,Plena Noite,Decrescente,Céu Claro,Dupla,Reta,2,0,0,1,1,SR-SP,
353375,22/04/2021,quinta-feira,19:45:00,SP,SAO PAULO,Trafegar com motocicleta (ou similar) entre as faixas,Colisão lateral mesmo sentido,Com Vítimas Feridas,Plena Noite,Decrescente,Céu Claro,Múltipla,Curva,3,0,0,2,2,SR-SP,
353378,22/04/2021,quinta-feira,19:40:00,SP,APARECIDA,Manobra de mudança de faixa,Colisão lateral mesmo sentido,Com Vítimas Feridas,Pleno dia,Decrescente,Céu Claro,Dupla,Reta,2,0,1,1,2,SR-SP,
353414,23/04/2021,sexta-feira,05:15:00,SP,UBATUBA,Condutor deixou de manter distância do veículo da frente,Colisão traseira,Sem Vítimas,Amanhecer,Crescente,Céu Claro,Simples,Rotatória,2,0,2,0,2,SR-SP,
353450,19/03/2021,sexta-feira,14:15:00,SP,GUARULHOS,Condutor deixou de manter distância do veículo da frente,Colisão lateral mesmo sentido,Com Vítimas Feridas,Pleno dia,Crescente,Chuva,Simples,Reta,2,0,1,1,2,SR-SP,
353458,23/04/2021,sexta-feira,11:20:00,SP,UBATUBA,Trafegar com motocicleta (ou similar) entre as faixas,Eventos atípicos,Com Vítimas Feridas,Pleno dia,Crescente,Sol,Simples,Reta,3,0,2,1,2,SR-SP,
353467,23/04/2021,sexta-feira,11:20:00,SP,JACUPIRANGA,Reação tardia ou ineficiente do condutor,Colisão com objeto,Com Vítimas Feridas,Pleno dia,Crescente,Sol,Múltipla,Reta,2,0,1,1,1,SR-SP,
353481,23/04/2021,sexta-feira,09:00:00,SP,CAJATI,Velocidade Incompatível,Tombamento,Com Vítimas Feridas,Pleno dia,Decrescente,Céu Claro,Simples,Curva,1,0,0,1,1,SR-SP,
353500,23/04/2021,sexta-feira,16:45:00,SP,EMBU DAS ARTES,Condutor usando celular,Colisão traseira,Com Vítimas Feridas,Pleno dia,Crescente,Céu Claro,Dupla,Reta,3,0,2,1,3,SR-SP,
353569,23/04/2021,sexta-feira,22:55:00,SP,SAO PAULO,Pedestre cruzava a pista fora da faixa,Atropelamento de Pedestre,Com Vítimas Fatais,Plena Noite,Decrescente,Céu Claro,Múltipla,Reta,2,1,0,1,1,SR-SP,
353581,24/04/2021,sábado,03:08:00,SP,SAO JOSE DO RIO PRETO,Ausência de reação do condutor,Colisão traseira,Com Vítimas Feridas,Plena Noite,Crescente,Céu Claro,Dupla,Não Informado,3,0,2,1,2,SR-SP,
353609,23/04/2021,sexta-feira,23:10:00,SP,SAO JOSE DOS CAMPOS,Ausência de reação do condutor,Colisão com objeto,Sem Vítimas,Plena Noite,Decrescente,Céu Claro,Dupla,Reta,1,0,1,0,1,SR-SP,
353626,24/04/2021,sábado,10:00:00,SP,MIRACATU,Ausência de reação do condutor,Saída de leito carroçável,Com Vítimas Feridas,Pleno dia,Crescente,Céu Claro,Dupla,Curva,2,0,0,2,1,SR-SP,
353627,24/04/2021,sábado,11:15:00,SP,GUARULHOS,Ausência de reação do condutor,Colisão lateral mesmo sentido,Com Vítimas Feridas,Pleno dia,Crescente,Céu Claro,Múltipla,Reta,2,0,1,1,2,SR-SP,
353631,24/04/2021,sábado,11:00:00,SP,JUQUITIBA,Problema com o freio,Incêndio,Sem Vítimas,Pleno dia,Decrescente,Céu Claro,Múltipla,Reta,1,0,1,0,1,SR-SP,
353640,24/04/2021,sábado,14:00:00,SP,UBATUBA,Reação tardia ou ineficiente do condutor,Colisão traseira,Com Vítimas Feridas,Pleno dia,Crescente,Céu Claro,Simples,Reta,2,0,1,1,2,SR-SP,
353648,24/04/2021,sábado,15:00:00,SP,PARIQUERA-ACU,Ultrapassagem Indevida,Tombamento,Com Vítimas Feridas,Pleno dia,Crescente,Céu Claro,Dupla,Reta,2,0,0,1,2,SR-SP,
353664,24/04/2021,sábado,16:45:00,SP,CAJATI,Ingestão de álcool pelo condutor,Colisão com objeto,Sem Vítimas,Anoitecer,Crescente,Céu Claro,Dupla,Reta,1,0,1,0,1,SR-SP,
353678,24/04/2021,sábado,19:00:00,SP,SAO PAULO,Ausência de reação do condutor,Colisão traseira,Com Vítimas Feridas,Plena Noite,Decrescente,Céu Claro,Múltipla,Reta,3,0,2,1,2,SR-SP,
353698,24/04/2021,sábado,18:50:00,SP,JUQUIA,Velocidade Incompatível,Colisão traseira,Com Vítimas Fatais,Plena Noite,Crescente,Céu Claro,Dupla,Reta,6,1,0,5,3,SR-SP,
353724,24/04/2021,sábado,23:00:00,SP,JUQUITIBA,Curva acentuada,Tombamento,Com Vítimas Feridas,Plena Noite,Decrescente,Céu Claro,Dupla,Curva,1,0,0,1,1,SR-SP,
353731,24/04/2021,sábado,21:50:00,SP,MAIRIPORA,Pedestre andava na pista,Atropelamento de Pedestre,Com Vítimas Feridas,Plena Noite,Decrescente,Céu Claro,Dupla,Reta,1,0,0,1,1,SR-SP,
353732,24/04/2021,sábado,22:00:00,SP,ATIBAIA,Ausência de reação do condutor,Colisão com objeto,Sem Vítimas,Plena Noite,Crescente,Céu Claro,Dupla,Reta,1,0,0,0,1,SR-SP,
353746,25/04/2021,domingo,02:00:00,SP,ATIBAIA,Velocidade Incompatível,Colisão com objeto,Sem Vítimas,Plena Noite,Decrescente,Céu Claro,Simples,Reta,2,0,2,0,2,SR-SP,
353749,24/04/2021,sábado,20:30:00,SP,SAO PAULO,Velocidade Incompatível,Atropelamento de Pedestre,Com Vítimas Feridas,Plena Noite,Decrescente,Céu Claro,Dupla,Reta,2,0,0,1,1,SR-SP,
353753,25/04/2021,domingo,02:00:00,SP,ICEM,Transitar na contramão,Colisão frontal,Com Vítimas Fatais,Plena Noite,Crescente,Céu Claro,Simples,Ponte,1,1,0,0,1,SR-SP,
353773,25/04/2021,domingo,06:20:00,SP,ICEM,Demais falhas mecânicas ou elétricas,Colisão traseira,Com Vítimas Feridas,Amanhecer,Decrescente,Nublado,Simples,Desvio Temporário,3,0,1,1,2,SR-SP,
353784,25/04/2021,domingo,06:50:00,SP,GETULINA,Reação tardia ou ineficiente do condutor,Saída de leito carroçável,Com Vítimas Feridas,Amanhecer,Crescente,Céu Claro,Simples,Reta,3,0,1,2,1,SR-SP,
353797,25/04/2021,domingo,10:01:00,SP,GUARULHOS,Demais falhas mecânicas ou elétricas,Incêndio,Sem Vítimas,Pleno dia,Crescente,Céu Claro,Múltipla,Reta,1,0,1,0,1,SR-SP,
353805,25/04/2021,domingo,10:50:00,SP,MIRACATU,Velocidade Incompatível,Tombamento,Com Vítimas Feridas,Pleno dia,Decrescente,Céu Claro,Dupla,Curva,2,0,0,1,1,SR-SP,
353813,25/04/2021,domingo,12:05:00,SP,SAO JOSE DO RIO PRETO,Manobra de mudança de faixa,Colisão lateral mesmo sentido,Com Vítimas Feridas,Pleno dia,Decrescente,Céu Claro,Dupla,Desvio Temporário,2,0,1,1,2,SR-SP,
353823,25/04/2021,domingo,13:10:00,SP,SAO PAULO,Ausência de reação do condutor,Colisão com objeto,Com Vítimas Feridas,Pleno dia,Decrescente,Céu Claro,Múltipla,Reta,5,0,2,3,1,SR-SP,
353825,25/04/2021,domingo,14:20:00,SP,MIRACATU,Demais falhas mecânicas ou elétricas,Incêndio,Sem Vítimas,Pleno dia,Decrescente,Céu Claro,Dupla,Reta,1,0,1,0,1,SR-SP,
353832,25/04/2021,domingo,14:50:00,SP,GUARULHOS,Velocidade Incompatível,Colisão com objeto,Com Vítimas Feridas,Pleno dia,Crescente,Céu Claro,Múltipla,Curva,1,0,0,1,1,SR-SP,
353853,25/04/2021,domingo,16:45:00,SP,ARUJA,Condutor deixou de manter distância do veículo da frente,Colisão frontal,Com Vítimas Feridas,Amanhecer,Crescente,Nublado,Dupla,Reta,2,0,1,1,2,SR-SP,
353858,25/04/2021,domingo,17:20:00,SP,ROSEIRA,Ingestão de álcool pelo condutor,Colisão lateral mesmo sentido,Sem Vítimas,Pleno dia,Decrescente,Céu Claro,Dupla,Reta,2,0,2,0,2,SR-SP,
353879,25/04/2021,domingo,19:00:00,SP,LORENA,Ausência de reação do condutor,Colisão com objeto,Com Vítimas Feridas,Plena Noite,Decrescente,Céu Claro,Dupla,Reta,1,0,0,1,1,SR-SP,
353896,25/04/2021,domingo,20:50:00,SP,GUARULHOS,Ingestão de álcool pelo condutor,Colisão lateral mesmo sentido,Com Vítimas Feridas,Plena Noite,Crescente,Nublado,Dupla,Reta,2,0,1,1,2,SR-SP,
353901,25/04/2021,domingo,20:20:00,SP,REGISTRO,Avarias e/ou desgaste excessivo no pneu,Tombamento,Com Vítimas Feridas,Plena Noite,Crescente,Céu Claro,Múltipla,Reta,2,0,0,2,1,SR-SP,
353916,25/04/2021,domingo,22:20:00,SP,JACUPIRANGA,Ausência de reação do condutor,Saída de leito carroçável,Com Vítimas Feridas,Plena Noite,Decrescente,Nublado,Dupla,Reta,1,0,0,1,1,SR-SP,
353986,26/04/2021,segunda-feira,09:10:00,SP,JACAREI,Acessar a via sem observar a presença dos outros veículos,Colisão transversal,Com Vítimas Feridas,Pleno dia,Decrescente,Céu Claro,Simples,Curva,3,0,2,1,2,SR-SP,
354040,26/04/2021,segunda-feira,15:45:00,SP,GUARULHOS,Ausência de reação do condutor,Queda de ocupante de veículo,Com Vítimas Feridas,Pleno dia,Decrescente,Céu Claro,Simples,Curva,1,0,0,1,1,SR-SP,
354069,21/04/2021,quarta-feira,12:00:00,SP,JUQUIA,Pista Escorregadia,Eventos atípicos,Sem Vítimas,Pleno dia,Decrescente,Nublado,Dupla,Curva,4,0,4,0,1,SR-SP,
354091,26/04/2021,segunda-feira,19:00:00,SP,EMBU DAS ARTES,Condutor deixou de manter distância do veículo da frente,Colisão lateral mesmo sentido,Com Vítimas Feridas,Plena Noite,Decrescente,Nublado,Dupla,Reta,2,0,0,1,2,SR-SP,
354099,26/04/2021,segunda-feira,21:00:00,SP,SAO LOURENCO DA SERRA,Demais falhas mecânicas ou elétricas,Incêndio,Sem Vítimas,Plena Noite,Decrescente,Céu Claro,Dupla,Reta,2,0,2,0,1,SR-SP,
354106,26/04/2021,segunda-feira,21:50:00,SP,SAO PAULO,Acessar a via sem observar a presença dos outros veículos,Tombamento,Com Vítimas Feridas,Plena Noite,Decrescente,Nublado,Múltipla,Reta,2,0,1,1,2,SR-SP,
354127,27/04/2021,terça-feira,04:40:00,SP,ATIBAIA,Ausência de reação do condutor,Colisão com objeto,Sem Vítimas,Plena Noite,Crescente,Céu Claro,Dupla,Reta,1,0,1,0,1,SR-SP,
354132,27/04/2021,terça-feira,06:30:00,SP,GUARULHOS,Reação tardia ou ineficiente do condutor,Tombamento,Com Vítimas Feridas,Pleno dia,Crescente,Nublado,Dupla,Reta,1,0,0,1,1,SR-SP,
354135,27/04/2021,terça-feira,07:30:00,SP,ATIBAIA,Ausência de reação do condutor,Colisão com objeto,Sem Vítimas,Pleno dia,Crescente,Céu Claro,Dupla,Reta,1,0,1,0,1,SR-SP,
354143,27/04/2021,terça-feira,06:15:00,SP,CAJATI,Problema com o freio,Incêndio,Sem Vítimas,Amanhecer,Decrescente,Nublado,Dupla,Reta,2,0,2,0,1,SR-SP,
354193,27/04/2021,terça-feira,12:30:00,SP,GUARULHOS,Condutor deixou de manter distância do veículo da frente,Colisão traseira,Com Vítimas Feridas,Pleno dia,Decrescente,Céu Claro,Múltipla,Reta,2,0,1,1,2,SR-SP,
354197,27/04/2021,terça-feira,13:15:00,SP,SAO PAULO,Velocidade Incompatível,Tombamento,Sem Vítimas,Pleno dia,Crescente,Sol,Múltipla,Curva,1,0,1,0,1,SR-SP,
354208,27/04/2021,terça-feira,15:00:00,SP,EMBU DAS ARTES,Manobra de mudança de faixa,Colisão lateral mesmo sentido,Com Vítimas Feridas,Pleno dia,Crescente,Nublado,Dupla,Reta,2,0,0,1,2,SR-SP,
354243,27/04/2021,terça-feira,17:40:00,SP,REGISTRO,Acumulo de areia ou detritos sobre o pavimento,Queda de ocupante de veículo,Com Vítimas Feridas,Anoitecer,Crescente,Céu Claro,Múltipla,Reta,1,0,0,1,1,SR-SP,
354273,27/04/2021,terça-feira,22:30:00,SP,PINDAMONHANGABA,Entrada inopinada do pedestre,Atropelamento de Pedestre,Com Vítimas Fatais,Plena Noite,Crescente,Céu Claro,Dupla,Reta,2,1,1,0,1,SR-SP,
354275,27/04/2021,terça-feira,23:30:00,SP,MAIRIPORA,Velocidade Incompatível,Tombamento,Com Vítimas Feridas,Plena Noite,Decrescente,Nublado,Dupla,Curva,2,0,1,1,2,SR-SP,
354277,27/04/2021,terça-feira,23:25:00,SP,CAJATI,Manobra de mudança de faixa,Colisão traseira,Com Vítimas Feridas,Plena Noite,Decrescente,Nevoeiro/Neblina,Dupla,Reta,2,0,0,1,2,SR-SP,
354297,28/04/2021,quarta-feira,07:05:00,SP,SAO JOSE DO RIO PRETO,Condutor deixou de manter distância do veículo da frente,Colisão traseira,Com Vítimas Feridas,Amanhecer,Crescente,Céu Claro,Dupla,Reta,2,0,1,1,2,SR-SP,
354343,28/04/2021,quarta-feira,11:50:00,SP,GUARULHOS,Ausência de reação do condutor,Tombamento,Com Vítimas Feridas,Pleno dia,Decrescente,Sol,Múltipla,Reta,1,0,0,1,1,SR-SP,
354349,19/03/2021,sexta-feira,01:00:00,SP,MIRACATU,Velocidade Incompatível,Colisão traseira,Com Vítimas Feridas,Plena Noite,Crescente,Nublado,Simples,Curva,3,0,2,1,3,SR-SP,
354368,28/04/2021,quarta-feira,05:55:00,SP,MIRACATU,Mal súbito do condutor,Saída de leito carroçável,Com Vítimas Feridas,Amanhecer,Decrescente,Céu Claro,Dupla,Não Informado,1,0,0,1,1,SR-SP,
354386,28/04/2021,quarta-feira,16:30:00,SP,PINDAMONHANGABA,Condutor deixou de manter distância do veículo da frente,Colisão traseira,Com Vítimas Feridas,Pleno dia,Decrescente,Sol,Dupla,Reta,3,0,2,1,3,SR-SP,
354415,28/04/2021,quarta-feira,19:15:00,SP,SAO PAULO,Reação tardia ou ineficiente do condutor,Tombamento,Com Vítimas Feridas,Plena Noite,Crescente,Céu Claro,Dupla,Reta,1,0,0,1,1,SR-SP,
354436,28/04/2021,quarta-feira,21:50:00,SP,TAUBATE,Ausência de reação do condutor,Colisão com objeto,Com Vítimas Feridas,Plena Noite,Decrescente,Céu Claro,Múltipla,Retorno Regulamentado,1,0,0,1,1,SR-SP,
354444,28/03/2021,domingo,02:00:00,SP,APARECIDA,Ausência de reação do condutor,Saída de leito carroçável,Sem Vítimas,Plena Noite,Decrescente,Céu Claro,Dupla,Rotatória,1,0,1,0,1,SR-SP,
354445,29/04/2021,quinta-feira,02:20:00,SP,SAO JOSE DOS CAMPOS,Condutor Dormindo,Tombamento,Sem Vítimas,Plena Noite,Decrescente,Céu Claro,Múltipla,Reta,1,0,1,0,1,SR-SP,
354448,29/04/2021,quinta-feira,02:15:00,SP,MIRACATU,Demais falhas mecânicas ou elétricas,Saída de leito carroçável,Com Vítimas Feridas,Plena Noite,Crescente,Garoa/Chuvisco,Dupla,Reta,1,0,0,1,1,SR-SP,
354467,29/04/2021,quinta-feira,06:55:00,SP,GUARATINGUETA,Ausência de reação do condutor,Colisão lateral mesmo sentido,Com Vítimas Feridas,Pleno dia,Decrescente,Nublado,Dupla,Curva,3,0,2,1,2,SR-SP,
354474,29/04/2021,quinta-feira,07:30:00,SP,GUARULHOS,Condutor deixou de manter distância do veículo da frente,Colisão traseira,Com Vítimas Feridas,Pleno dia,Crescente,Nublado,Múltipla,Não Informado,2,0,1,1,2,SR-SP,
354502,29/04/2021,quinta-feira,10:54:00,SP,MIRACATU,Velocidade Incompatível,Tombamento,Com Vítimas Feridas,Pleno dia,Decrescente,Céu Claro,Dupla,Curva,2,0,1,1,2,SR-SP,
354509,22/03/2021,segunda-feira,10:30:00,SP,UBATUBA,Conversão proibida,Colisão transversal,Com Vítimas Feridas,Pleno dia,Crescente,Céu Claro,Simples,Reta,3,0,2,1,2,SR-SP,
354513,29/04/2021,quinta-feira,11:31:00,SP,GUARULHOS,Condutor deixou de manter distância do veículo da frente,Colisão traseira,Com Vítimas Feridas,Pleno dia,Decrescente,Céu Claro,Múltipla,Não Informado,4,0,3,1,3,SR-SP,
354515,29/04/2021,quinta-feira,12:25:00,SP,GUARULHOS,Condutor deixou de manter distância do veículo da frente,Colisão traseira,Com Vítimas Feridas,Pleno dia,Crescente,Nublado,Múltipla,Reta,3,0,1,1,2,SR-SP,
354534,29/04/2021,quinta-feira,14:40:00,SP,CAJATI,Ausência de reação do condutor,Tombamento,Com Vítimas Feridas,Pleno dia,Crescente,Garoa/Chuvisco,Simples,Curva,1,0,0,1,1,SR-SP,
354539,01/03/2021,segunda-feira,07:50:00,SP,MAIRIPORA,Condutor deixou de manter distância do veículo da frente,Engavetamento,Com Vítimas Feridas,Pleno dia,Crescente,Sol,Dupla,Reta,8,0,7,1,4,SR-SP,1.0
354549,29/04/2021,quinta-feira,16:45:00,SP,CANAS,Reação tardia ou ineficiente do condutor,Saída de leito carroçável,Com Vítimas Feridas,Pleno dia,Decrescente,Nublado,Dupla,Reta,1,0,0,1,1,SR-SP,
354560,29/04/2021,quinta-feira,17:45:00,SP,ATIBAIA,Reação tardia ou ineficiente do condutor,Queda de ocupante de veículo,Com Vítimas Feridas,Anoitecer,Decrescente,Céu Claro,Dupla,Reta,1,0,0,1,1,SR-SP,
354561,29/04/2021,quinta-feira,18:00:00,SP,TAUBATE,Manobra de mudança de faixa,Colisão lateral mesmo sentido,Com Vítimas Feridas,Anoitecer,Crescente,Céu Claro,Dupla,Reta,2,0,1,1,2,SR-SP,
354580,29/04/2021,quinta-feira,19:00:00,SP,CACAPAVA,Condutor deixou de manter distância do veículo da frente,Colisão traseira,Com Vítimas Feridas,Plena Noite,Crescente,Céu Claro,Dupla,Reta,3,0,2,1,2,SR-SP,
354585,29/04/2021,quinta-feira,20:10:00,SP,ONDA VERDE,Velocidade Incompatível,Colisão traseira,Com Vítimas Feridas,Plena Noite,Crescente,Céu Claro,Simples,Reta,2,0,1,1,2,SR-SP,
354605,29/04/2021,quinta-feira,23:00:00,SP,SAO JOSE DO RIO PRETO,Obras na pista,Colisão lateral mesmo sentido,Sem Vítimas,Plena Noite,Crescente,Céu Claro,Dupla,Não Informado,2,0,2,0,2,SR-SP,
354615,30/04/2021,sexta-feira,01:40:00,SP,CACHOEIRA PAULISTA,Acessar a via sem observar a presença dos outros veículos,Colisão traseira,Com Vítimas Feridas,Plena Noite,Crescente,Céu Claro,Dupla,Não Informado,2,0,1,1,2,SR-SP,
354616,30/04/2021,sexta-feira,00:30:00,SP,GUARATINGUETA,Ingestão de álcool pelo condutor,Colisão traseira,Com Vítimas Feridas,Plena Noite,Decrescente,Céu Claro,Dupla,Reta,3,0,2,1,2,SR-SP,
354635,30/04/2021,sexta-feira,06:25:00,SP,JUQUITIBA,Falta de elemento de contenção que evite a saída do leito carroçável,Saída de leito carroçável,Sem Vítimas,Amanhecer,Crescente,Nublado,Dupla,Reta,1,0,1,0,1,SR-SP,
354676,04/02/2021,quinta-feira,10:40:00,SP,TABOAO DA SERRA,Avarias e/ou desgaste excessivo no pneu,Tombamento,Com Vítimas Feridas,Pleno dia,Decrescente,Céu Claro,Múltipla,Reta,2,0,0,1,1,SR-SP,4.0