ID,DATA,DIA_SEMANA,HORARIO,ESTADO,MUNICIPIO,CAUSA_ACIDENTE,TIPO_ACIDENTE,CLASSIFICACAO_ACIDENTE,FASE_DIA,SENTIDO_VIA,CONDICAO_METEREOLOGICA,TIPO_PISTA,TRACADO_VIA,PESSOAS,MORTOS,ILESOS,FERIDOS,VEICULOS,REGIONAL,MES
361899,04/06/2021,sexta-feira,01:00:00,SP,EMBU DAS ARTES,Ausência de reação do condutor,Colisão traseira,Com Vítimas Feridas,Plena Noite,Decrescente,Nublado,Dupla,Curva,3,0,2,1,2,SR-SP,4.0
361925,04/06/2021,sexta-feira,07:45:00,SP,SAO PAULO,Manobra de mudança de faixa,Colisão lateral mesmo sentido,Com Vítimas Feridas,Pleno dia,Crescente,Céu Claro,Múltipla,Reta,2,0,0,1,2,SR-SP,4.0
361932,04/06/2021,sexta-feira,08:15:00,SP,EMBU DAS ARTES,Ausência de reação do condutor,Colisão lateral mesmo sentido,Com Vítimas Feridas,Amanhecer,Decrescente,Nublado,Dupla,Reta,2,0,0,1,2,SR-SP,4.0
361947,04/06/2021,sexta-feira,10:20:00,SP,PARIQUERA-ACU,Reação tardia ou ineficiente do condutor,Colisão traseira,Com Vítimas Fatais,Pleno dia,Crescente,Céu Claro,Dupla,Reta,3,1,2,0,2,SR-SP,4.0
361951,04/06/2021,sexta-feira,11:45:00,SP,ATIBAIA,Objeto estático sobre o leito carroçável,Incêndio,Sem Vítimas,Pleno dia,Decrescente,Céu Claro,Múltipla,Reta,2,0,2,0,1,SR-SP,4.0
361952,04/06/2021,sexta-feira,11:40:00,SP,MIRACATU,Velocidade Incompatível,Saída de leito carroçável,Com Vítimas Feridas,Pleno dia,Crescente,Sol,Dupla,Curva,1,0,0,1,1,SR-SP,4.0
361959,04/06/2021,sexta-feira,12:15:00,SP,ITAPECERICA DA SERRA,Manobra de mudança de faixa,Colisão lateral mesmo sentido,Sem Vítimas,Pleno dia,Crescente,Céu Claro,Dupla,Reta,2,0,2,0,2,SR-SP,4.0
361982,04/06/2021,sexta-feira,15:20:00,SP,SAO JOSE DO RIO PRETO,Manobra de mudança de faixa,Colisão lateral mesmo sentido,Com Vítimas Feridas,Pleno dia,Crescente,Céu Claro,Dupla,Não Informado,2,0,1,1,2,SR-SP,4.0
361995,04/06/2021,sexta-feira,16:30:00,SP,MIRACATU,Demais Fenômenos da natureza,Incêndio,Com Vítimas Feridas,Pleno dia,Decrescente,Sol,Dupla,Não Informado,1,0,0,1,1,SR-SP,4.0
362015,04/06/2021,sexta-feira,18:30:00,SP,GUARULHOS,Manobra de mudança de faixa,Colisão lateral mesmo sentido,Com Vítimas Feridas,Plena Noite,Decrescente,Céu Claro,Múltipla,Reta,2,0,1,1,2,SR-SP,4.0
362023,04/06/2021,sexta-feira,19:26:00,SP,SAO JOSE DO RIO PRETO,Ingestão de álcool pelo condutor,Colisão lateral mesmo sentido,Com Vítimas Feridas,Plena Noite,Decrescente,Céu Claro,Dupla,Não Informado,5,0,4,1,2,SR-SP,4.0
362046,04/06/2021,sexta-feira,20:50:00,SP,SAO JOSE DOS CAMPOS,Afundamento ou ondulação no pavimento,Tombamento,Com Vítimas Feridas,Plena Noite,Crescente,Nublado,Múltipla,Interseção de vias,1,0,0,1,1,SR-SP,4.0
362050,04/06/2021,sexta-feira,21:15:00,SP,EMBU DAS ARTES,Demais falhas mecânicas ou elétricas,Incêndio,Sem Vítimas,Plena Noite,Crescente,Nublado,Dupla,Reta,1,0,1,0,1,SR-SP,4.0
362098,05/06/2021,sábado,03:50:00,SP,ATIBAIA,Velocidade Incompatível,Colisão lateral mesmo sentido,Com Vítimas Feridas,Plena Noite,Decrescente,Céu Claro,Múltipla,Reta,3,0,2,1,3,SR-SP,5.0
362100,05/06/2021,sábado,04:15:00,SP,UBATUBA,Retorno proibido,Colisão transversal,Com Vítimas Feridas,Plena Noite,Crescente,Céu Claro,Simples,Reta,2,0,1,1,2,SR-SP,5.0
362103,05/06/2021,sábado,04:26:00,SP,SANTA ISABEL,Condutor Dormindo,Colisão traseira,Com Vítimas Feridas,Plena Noite,Crescente,Nublado,Múltipla,Reta,2,0,1,1,2,SR-SP,5.0
362109,05/06/2021,sábado,06:05:00,SP,SAO JOSE DO RIO PRETO,Condutor Dormindo,Saída de leito carroçável,Com Vítimas Feridas,Amanhecer,Crescente,Céu Claro,Dupla,Reta,1,0,0,1,1,SR-SP,5.0
362112,05/06/2021,sábado,06:00:00,SP,SAO PAULO,Velocidade Incompatível,Saída de leito carroçável,Com Vítimas Feridas,Amanhecer,Crescente,Céu Claro,Múltipla,Reta,2,0,1,1,1,SR-SP,5.0
362133,05/06/2021,sábado,08:20:00,SP,CACAPAVA,Avarias e/ou desgaste excessivo no pneu,Colisão lateral mesmo sentido,Com Vítimas Feridas,Pleno dia,Crescente,Céu Claro,Dupla,Reta,3,0,2,1,2,SR-SP,5.0
362174,05/06/2021,sábado,12:00:00,SP,LORENA,Velocidade Incompatível,Colisão lateral sentido oposto,Com Vítimas Feridas,Pleno dia,Crescente,Sol,Simples,Curva,3,0,1,2,2,SR-SP,5.0
362183,05/06/2021,sábado,13:40:00,SP,GUARULHOS,Mal súbito do condutor,Colisão com objeto,Com Vítimas Feridas,Pleno dia,Crescente,Sol,Múltipla,Reta,1,0,0,1,1,SR-SP,5.0
362215,05/06/2021,sábado,17:00:00,SP,CACAPAVA,Manobra de mudança de faixa,Colisão lateral mesmo sentido,Com Vítimas Feridas,Pleno dia,Crescente,Céu Claro,Dupla,Reta,2,0,0,1,1,SR-SP,5.0
362226,05/06/2021,sábado,17:55:00,SP,GUARULHOS,Manobra de mudança de faixa,Colisão traseira,Com Vítimas Feridas,Anoitecer,Decrescente,Céu Claro,Múltipla,Não Informado,2,0,1,1,2,SR-SP,5.0
362240,05/06/2021,sábado,18:15:00,SP,SAO JOSE DOS CAMPOS,Reação tardia ou ineficiente do condutor,Colisão traseira,Sem Vítimas,Plena Noite,Crescente,Céu Claro,Múltipla,Reta,7,0,7,0,3,SR-SP,5.0
362265,05/06/2021,sábado,18:28:00,SP,SAO PAULO,Condutor deixou de manter distância do veículo da frente,Colisão traseira,Com Vítimas Feridas,Plena Noite,Crescente,Ignorado,Dupla,Reta,2,0,1,1,2,SR-SP,5.0
362298,05/06/2021,sábado,22:35:00,SP,MARILIA,Velocidade Incompatível,Saída de leito carroçável,Com Vítimas Feridas,Plena Noite,Crescente,Céu Claro,Simples,Desvio Temporário,1,0,0,1,1,SR-SP,5.0
362302,05/06/2021,sábado,22:40:00,SP,GUARULHOS,Ingestão de álcool pelo condutor,Colisão com objeto,Sem Vítimas,Plena Noite,Decrescente,Céu Claro,Dupla,Curva,1,0,1,0,1,SR-SP,5.0
362306,05/06/2021,sábado,23:15:00,SP,SAO PAULO,Ingestão de álcool pelo condutor,Saída de leito carroçável,Com Vítimas Feridas,Plena Noite,Decrescente,Céu Claro,Dupla,Não Informado,2,0,1,1,1,SR-SP,5.0
362319,06/06/2021,domingo,01:15:00,SP,EMBU DAS ARTES,Pedestre andava na pista,Atropelamento de Pedestre,Com Vítimas Fatais,Plena Noite,Decrescente,Céu Claro,Dupla,Desvio Temporário,2,1,0,0,1,SR-SP,6.0
362322,06/06/2021,domingo,01:40:00,SP,MAIRIPORA,Reação tardia ou ineficiente do condutor,Colisão traseira,Com Vítimas Feridas,Plena Noite,Crescente,Céu Claro,Múltipla,Reta,2,0,0,2,2,SR-SP,6.0
362327,06/06/2021,domingo,02:00:00,SP,GUARULHOS,Reação tardia ou ineficiente do condutor,Colisão lateral mesmo sentido,Com Vítimas Feridas,Plena Noite,Crescente,Céu Claro,Múltipla,Reta,3,0,1,2,2,SR-SP,6.0
362350,06/06/2021,domingo,05:45:00,SP,EMBU DAS ARTES,Ausência de reação do condutor,Saída de leito carroçável,Com Vítimas Fatais,Amanhecer,Crescente,Céu Claro,Dupla,Curva,2,2,0,0,1,SR-SP,6.0
362382,06/06/2021,domingo,09:40:00,SP,ITAPECERICA DA SERRA,Curva acentuada,Queda de ocupante de veículo,Com Vítimas Feridas,Pleno dia,Decrescente,Céu Claro,Dupla,Curva,1,0,0,1,1,SR-SP,6.0
362424,06/06/2021,domingo,14:30:00,SP,MIRACATU,Velocidade Incompatível,Colisão com objeto,Com Vítimas Feridas,Pleno dia,Decrescente,Nublado,Dupla,Reta,2,0,0,2,1,SR-SP,6.0
362443,06/06/2021,domingo,17:10:00,SP,ATIBAIA,Reação tardia ou ineficiente do condutor,Engavetamento,Com Vítimas Feridas,Anoitecer,Crescente,Céu Claro,Dupla,Reta,3,0,2,1,3,SR-SP,6.0
362460,06/06/2021,domingo,18:10:00,SP,GUARAREMA,Manobra de mudança de faixa,Colisão lateral mesmo sentido,Com Vítimas Feridas,Plena Noite,Crescente,Nublado,Dupla,Não Informado,4,0,2,2,2,SR-SP,6.0
362462,06/06/2021,domingo,18:30:00,SP,GUARULHOS,Ingestão de álcool pelo condutor,Colisão traseira,Com Vítimas Feridas,Anoitecer,Crescente,Céu Claro,Dupla,Reta,4,0,2,2,2,SR-SP,6.0
362508,06/06/2021,domingo,21:45:00,SP,UBATUBA,Acessar a via sem observar a presença dos outros veículos,Colisão transversal,Com Vítimas Feridas,Plena Noite,Crescente,Céu Claro,Simples,Reta,2,0,1,1,2,SR-SP,6.0
362527,07/06/2021,segunda-feira,00:15:00,SP,GUARULHOS,Pedestre andava na pista,Atropelamento de Pedestre,Com Vítimas Feridas,Plena Noite,Decrescente,Céu Claro,Dupla,Reta,2,0,1,1,1,SR-SP,7.0
362535,06/06/2021,domingo,18:45:00,SP,JUQUIA,Reação tardia ou ineficiente do condutor,Engavetamento,Com Vítimas Feridas,Plena Noite,Decrescente,Nublado,Dupla,Reta,4,0,2,2,3,SR-SP,6.0
362575,07/06/2021,segunda-feira,07:40:00,SP,GUARULHOS,Trafegar com motocicleta (ou similar) entre as faixas,Colisão traseira,Com Vítimas Feridas,Pleno dia,Crescente,Nublado,Múltipla,Reta,2,0,1,1,2,SR-SP,7.0
362603,07/06/2021,segunda-feira,10:40:00,SP,APARECIDA,Velocidade Incompatível,Colisão transversal,Com Vítimas Feridas,Pleno dia,Crescente,Nublado,Dupla,Reta,3,0,2,1,2,SR-SP,7.0
362618,07/06/2021,segunda-feira,12:40:00,SP,TAUBATE,Mal súbito do condutor,Queda de ocupante de veículo,Com Vítimas Feridas,Pleno dia,Decrescente,Nublado,Dupla,Reta,1,0,0,1,1,SR-SP,7.0
362652,07/06/2021,segunda-feira,15:30:00,SP,BARRA DO TURVO,Reação tardia ou ineficiente do condutor,Colisão com objeto,Com Vítimas Feridas,Pleno dia,Crescente,Garoa/Chuvisco,Dupla,Curva,2,0,1,1,1,SR-SP,7.0
362675,07/06/2021,segunda-feira,15:30:00,SP,CAJATI,Velocidade Incompatível,Saída de leito carroçável,Sem Vítimas,Pleno dia,Decrescente,Chuva,Dupla,Curva,5,0,5,0,1,SR-SP,7.0
362681,07/06/2021,segunda-feira,17:20:00,SP,GUARULHOS,Condutor deixou de manter distância do veículo da frente,Tombamento,Com Vítimas Feridas,Anoitecer,Decrescente,Nublado,Múltipla,Reta,1,0,0,1,1,SR-SP,7.0
362690,07/06/2021,segunda-feira,16:35:00,SP,MIRACATU,Ausência de reação do condutor,Saída de leito carroçável,Com Vítimas Feridas,Pleno dia,Decrescente,Nublado,Dupla,Curva,3,0,2,1,1,SR-SP,7.0
362691,07/06/2021,segunda-feira,15:50:00,SP,BARRA DO TURVO,Chuva,Colisão com objeto,Com Vítimas Feridas,Pleno dia,Crescente,Garoa/Chuvisco,Simples,Curva,1,0,0,1,1,SR-SP,7.0
362695,07/06/2021,segunda-feira,12:30:00,SP,JUQUITIBA,Ausência de reação do condutor,Saída de leito carroçável,Com Vítimas Feridas,Pleno dia,Crescente,Garoa/Chuvisco,Dupla,Reta,1,0,0,1,1,SR-SP,7.0
362726,07/06/2021,segunda-feira,20:05:00,SP,CAJATI,Chuva,Colisão com objeto,Sem Vítimas,Plena Noite,Decrescente,Garoa/Chuvisco,Simples,Curva,1,0,1,0,1,SR-SP,7.0
362729,07/06/2021,segunda-feira,19:40:00,SP,GUARULHOS,Ingestão de álcool pelo condutor,Colisão frontal,Sem Vítimas,Anoitecer,Crescente,Céu Claro,Simples,Curva,2,0,2,0,2,SR-SP,7.0
362770,08/06/2021,terça-feira,05:15:00,SP,CAJATI,Pista Escorregadia,Saída de leito carroçável,Sem Vítimas,Plena Noite,Decrescente,Garoa/Chuvisco,Dupla,Curva,3,0,3,0,1,SR-SP,8.0
362792,08/06/2021,terça-feira,07:50:00,SP,TAUBATE,Ausência de reação do condutor,Colisão com objeto,Com Vítimas Feridas,Pleno dia,Crescente,Céu Claro,Dupla,Reta,1,0,0,1,1,SR-SP,8.0
362796,08/06/2021,terça-feira,07:00:00,SP,CAJATI,Acessar a via sem observar a presença dos outros veículos,Colisão traseira,Com Vítimas Feridas,Pleno dia,Decrescente,Chuva,Dupla,Curva,3,0,2,1,2,SR-SP,8.0
362804,08/06/2021,terça-feira,03:15:00,SP,MAIRIPORA,Transitar no acostamento,Atropelamento de Pedestre,Com Vítimas Fatais,Plena Noite,Crescente,Céu Claro,Dupla,Curva,2,1,0,0,1,SR-SP,8.0
362808,08/06/2021,terça-feira,09:00:00,SP,SAO LOURENCO DA SERRA,Velocidade Incompatível,Saída de leito carroçável,Com Vítimas Feridas,Pleno dia,Decrescente,Garoa/Chuvisco,Dupla,Curva,1,0,0,1,1,SR-SP,8.0
362809,08/06/2021,terça-feira,09:28:00,SP,JUQUITIBA,Pista Escorregadia,Capotamento,Com Vítimas Feridas,Pleno dia,Decrescente,Chuva,Dupla,Curva,2,0,1,1,1,SR-SP,8.0
362810,08/06/2021,terça-feira,09:30:00,SP,JUQUITIBA,Velocidade Incompatível,Colisão com objeto,Com Vítimas Feridas,Pleno dia,Decrescente,Chuva,Dupla,Curva,2,0,0,2,1,SR-SP,8.0
362819,05/04/2021,segunda-feira,15:00:00,SP,GUARULHOS,Manobra de mudança de faixa,Colisão lateral mesmo sentido,Com Vítimas Feridas,Pleno dia,Decrescente,Nublado,Múltipla,Reta,3,0,1,2,2,SR-SP,5.0
362833,08/06/2021,terça-feira,11:25:00,SP,APARECIDA,Acessar a via sem observar a presença dos outros veículos,Colisão transversal,Com Vítimas Feridas,Pleno dia,Crescente,Céu Claro,Dupla,Reta,3,0,2,1,2,SR-SP,8.0
362846,08/06/2021,terça-feira,13:33:00,SP,GUARULHOS,Condutor deixou de manter distância do veículo da frente,Colisão lateral mesmo sentido,Com Vítimas Feridas,Pleno dia,Crescente,Nublado,Múltipla,Reta,3,0,0,2,2,SR-SP,8.0
362860,08/06/2021,terça-feira,13:46:00,SP,BARRA DO TURVO,Chuva,Colisão com objeto,Com Vítimas Feridas,Pleno dia,Crescente,Chuva,Dupla,Reta,2,0,1,1,1,SR-SP,8.0
362864,08/06/2021,terça-feira,15:00:00,SP,TAUBATE,Condutor deixou de manter distância do veículo da frente,Engavetamento,Com Vítimas Feridas,Pleno dia,Crescente,Céu Claro,Dupla,Reta,4,0,3,1,4,SR-SP,8.0
362867,08/06/2021,terça-feira,16:15:00,SP,EMBU DAS ARTES,Ausência de reação do condutor,Tombamento,Com Vítimas Feridas,Pleno dia,Crescente,Garoa/Chuvisco,Dupla,Reta,1,0,0,1,1,SR-SP,8.0
362875,08/06/2021,terça-feira,16:40:00,SP,CAJATI,Condutor Dormindo,Saída de leito carroçável,Sem Vítimas,Pleno dia,Decrescente,Garoa/Chuvisco,Dupla,Reta,1,0,1,0,1,SR-SP,8.0
362883,15/05/2021,sábado,05:50:00,SP,GUARULHOS,Reação tardia ou ineficiente do condutor,Colisão traseira,Com Vítimas Feridas,Amanhecer,Crescente,Nublado,Múltipla,Desvio Temporário,2,0,1,1,2,SR-SP,
362886,08/06/2021,terça-feira,18:20:00,SP,UBATUBA,Condutor deixou de manter distância do veículo da frente,Colisão traseira,Com Vítimas Feridas,Plena Noite,Crescente,Céu Claro,Simples,Túnel,2,0,0,1,2,SR-SP,8.0
362921,08/06/2021,terça-feira,09:10:00,SP,BARRA DO TURVO,Pista Escorregadia,Colisão com objeto,Com Vítimas Feridas,Pleno dia,Crescente,Chuva,Simples,Curva,2,0,1,1,1,SR-SP,8.0
362927,08/06/2021,terça-feira,19:30:00,SP,SAO PAULO,Entrada inopinada do pedestre,Atropelamento de Pedestre,Com Vítimas Feridas,Plena Noite,Decrescente,Céu Claro,Múltipla,Reta,2,0,1,1,2,SR-SP,8.0
362941,08/06/2021,terça-feira,20:30:00,SP,JUQUITIBA,Acesso irregular,Colisão traseira,Sem Vítimas,Plena Noite,Crescente,Garoa/Chuvisco,Dupla,Reta,2,0,2,0,2,SR-SP,8.0
362960,09/06/2021,quarta-feira,01:15:00,SP,GUARULHOS,Ingestão de álcool pelo condutor,Colisão com objeto,Sem Vítimas,Plena Noite,Crescente,Nevoeiro/Neblina,Múltipla,Reta,1,0,0,0,1,SR-SP,9.0
362970,09/06/2021,quarta-feira,05:15:00,SP,SAO PAULO,Reação tardia ou ineficiente do condutor,Tombamento,Com Vítimas Fatais,Plena Noite,Crescente,Nublado,Múltipla,Curva,3,1,2,0,3,SR-SP,9.0
362980,09/06/2021,quarta-feira,07:05:00,SP,SAO PAULO,Manobra de mudança de faixa,Colisão lateral mesmo sentido,Com Vítimas Feridas,Pleno dia,Crescente,Nublado,Dupla,Reta,2,0,1,1,2,SR-SP,9.0
363050,09/06/2021,quarta-feira,12:53:00,SP,CAJATI,Acessar a via sem observar a presença dos outros veículos,Colisão transversal,Com Vítimas Feridas,Pleno dia,Crescente,Céu Claro,Simples,Curva,2,0,1,1,2,SR-SP,9.0
363060,09/06/2021,quarta-feira,15:05:00,SP,GUARULHOS,Manobra de mudança de faixa,Colisão traseira,Com Vítimas Feridas,Pleno dia,Crescente,Céu Claro,Múltipla,Reta,4,0,2,1,3,SR-SP,9.0
363076,09/06/2021,quarta-feira,16:24:00,SP,CACHOEIRA PAULISTA,Demais falhas mecânicas ou elétricas,Incêndio,Sem Vítimas,Pleno dia,Crescente,Sol,Dupla,Não Informado,1,0,1,0,1,SR-SP,9.0
363079,25/05/2021,terça-feira,07:10:00,SP,LAVRINHAS,Condutor Dormindo,Saída de leito carroçável,Com Vítimas Feridas,Pleno dia,Decrescente,Céu Claro,Dupla,Curva,1,0,0,1,1,SR-SP,
363126,09/06/2021,quarta-feira,20:40:00,SP,SAO PAULO,Velocidade Incompatível,Tombamento,Com Vítimas Fatais,Plena Noite,Decrescente,Céu Claro,Simples,Curva,2,1,1,0,2,SR-SP,9.0
363134,09/06/2021,quarta-feira,22:20:00,SP,JACAREI,Condutor Dormindo,Saída de leito carroçável,Com Vítimas Feridas,Plena Noite,Crescente,Céu Claro,Dupla,Reta,1,0,0,1,1,SR-SP,9.0
363146,09/06/2021,quarta-feira,22:40:00,SP,BARRA DO TURVO,Velocidade Incompatível,Colisão com objeto,Sem Vítimas,Plena Noite,Crescente,Nublado,Dupla,Curva,1,0,0,0,1,SR-SP,9.0
363174,10/06/2021,quinta-feira,06:30:00,SP,GUARULHOS,Condutor deixou de manter distância do veículo da frente,Colisão traseira,Com Vítimas Feridas,Pleno dia,Crescente,Nublado,Dupla,Reta,2,0,1,1,2,SR-SP,10.0
363182,21/05/2021,sexta-feira,17:50:00,SP,ATIBAIA,Condutor deixou de manter distância do veículo da frente,Colisão traseira,Com Vítimas Feridas,Anoitecer,Decrescente,Céu Claro,Dupla,Reta,2,0,1,1,2,SR-SP,
363183,10/06/2021,quinta-feira,07:30:00,SP,EMBU DAS ARTES,Manobra de mudança de faixa,Colisão lateral mesmo sentido,Sem Vítimas,Pleno dia,Crescente,Céu Claro,Dupla,Reta,2,0,2,0,2,SR-SP,10.0
363194,06/06/2021,domingo,18:45:00,SP,CAJATI,Conversão proibida,Colisão transversal,Com Vítimas Feridas,Plena Noite,Crescente,Céu Claro,Múltipla,Reta,2,0,1,1,2,SR-SP,6.0
363227,10/06/2021,quinta-feira,11:10:00,SP,GUARULHOS,Manobra de mudança de faixa,Colisão traseira,Com Vítimas Feridas,Pleno dia,Crescente,Nublado,Múltipla,Reta,3,0,2,1,3,SR-SP,10.0
363239,10/06/2021,quinta-feira,12:45:00,SP,APARECIDA,Demais falhas mecânicas ou elétricas,Tombamento,Com Vítimas Feridas,Pleno dia,Decrescente,Céu Claro,Dupla,Interseção de vias,1,0,0,1,1,SR-SP,10.0
363248,10/06/2021,quinta-feira,13:55:00,SP,GUARULHOS,Manobra de mudança de faixa,Colisão lateral mesmo sentido,Com Vítimas Feridas,Pleno dia,Crescente,Nublado,Dupla,Reta,2,0,1,1,2,SR-SP,10.0
363281,10/06/2021,quinta-feira,16:40:00,SP,MARILIA,Ingestão de álcool pelo condutor,Saída de leito carroçável,Sem Vítimas,Pleno dia,Decrescente,Chuva,Dupla,Rotatória,1,0,1,0,1,SR-SP,10.0
363291,10/06/2021,quinta-feira,17:20:00,SP,JUQUITIBA,Velocidade Incompatível,Saída de leito carroçável,Com Vítimas Feridas,Plena Noite,Decrescente,Chuva,Dupla,Curva,1,0,0,1,1,SR-SP,10.0
363300,10/06/2021,quinta-feira,18:39:00,SP,SAO JOSE DOS CAMPOS,Trafegar com motocicleta (ou similar) entre as faixas,Colisão lateral mesmo sentido,Com Vítimas Feridas,Plena Noite,Crescente,Chuva,Dupla,Reta,2,0,0,1,2,SR-SP,10.0
363305,10/06/2021,quinta-feira,18:05:00,SP,TABOAO DA SERRA,Manobra de mudança de faixa,Queda de ocupante de veículo,Com Vítimas Feridas,Plena Noite,Crescente,Garoa/Chuvisco,Dupla,Reta,1,0,0,1,1,SR-SP,10.0
363319,10/06/2021,quinta-feira,19:45:00,SP,SAO LOURENCO DA SERRA,Entrada inopinada do pedestre,Atropelamento de Pedestre,Com Vítimas Fatais,Plena Noite,Decrescente,Chuva,Dupla,Reta,2,1,0,1,1,SR-SP,10.0
363328,10/06/2021,quinta-feira,20:00:00,SP,ARUJA,Pedestre andava na pista,Atropelamento de Pedestre,Com Vítimas Feridas,Plena Noite,Crescente,Céu Claro,Dupla,Reta,2,0,0,1,1,SR-SP,10.0
363337,14/05/2021,sexta-feira,06:58:00,SP,GUARULHOS,Acessar a via sem observar a presença dos outros veículos,Colisão lateral mesmo sentido,Com Vítimas Feridas,Pleno dia,Crescente,Nublado,Múltipla,Reta,3,0,1,2,2,SR-SP,
363351,10/06/2021,quinta-feira,23:30:00,SP,TAUBATE,Ingestão de álcool pelo condutor,Colisão com objeto,Sem Vítimas,Plena Noite,Crescente,Chuva,Dupla,Reta,3,0,3,0,3,SR-SP,10.0
363377,10/06/2021,quinta-feira,22:20:00,SP,SAO JOSE DOS CAMPOS,Curva acentuada,Colisão com objeto,Sem Vítimas,Plena Noite,Decrescente,Chuva,Dupla,Retorno Regulamentado,1,0,0,0,1,SR-SP,10.0
363383,11/06/2021,sexta-feira,06:40:00,SP,GETULINA,Neblina,Colisão traseira,Com Vítimas Feridas,Amanhecer,Crescente,Nevoeiro/Neblina,Simples,Reta,2,0,0,2,2,SR-SP,11.0
363416,14/05/2021,sexta-feira,20:20:00,SP,GUARULHOS,Reação tardia ou ineficiente do condutor,Colisão traseira,Com Vítimas Feridas,Plena Noite,Decrescente,Nublado,Múltipla,Reta,3,0,1,1,2,SR-SP,
363440,11/06/2021,sexta-feira,10:35:00,SP,GUAICARA,Ausência de reação do condutor,Saída de leito carroçável,Sem Vítimas,Pleno dia,Decrescente,Nublado,Simples,Rotatória,2,0,2,0,1,SR-SP,11.0
363446,11/06/2021,sexta-feira,12:30:00,SP,GUARULHOS,Ausência de reação do condutor,Colisão frontal,Com Vítimas Feridas,Pleno dia,Crescente,Nublado,Simples,Reta,2,0,1,1,2,SR-SP,11.0
363458,11/06/2021,sexta-feira,12:30:00,SP,MIRACATU,Pista Escorregadia,Colisão com objeto,Sem Vítimas,Pleno dia,Decrescente,Chuva,Dupla,Curva,2,0,2,0,1,SR-SP,11.0
363470,11/06/2021,sexta-feira,14:10:00,SP,CACAPAVA,Manobra de mudança de faixa,Colisão lateral mesmo sentido,Com Vítimas Feridas,Pleno dia,Decrescente,Nublado,Dupla,Reta,2,0,1,1,2,SR-SP,11.0
363476,11/06/2021,sexta-feira,14:50:00,SP,SAO PAULO,Condutor deixou de manter distância do veículo da frente,Colisão lateral mesmo sentido,Com Vítimas Feridas,Pleno dia,Decrescente,Nublado,Simples,Reta,2,0,1,1,2,SR-SP,11.0
363505,11/06/2021,sexta-feira,18:00:00,SP,TABOAO DA SERRA,Ausência de reação do condutor,Tombamento,Com Vítimas Feridas,Plena Noite,Crescente,Ignorado,Dupla,Reta,2,0,0,1,2,SR-SP,11.0
363511,11/06/2021,sexta-feira,18:10:00,SP,SAO JOSE DOS CAMPOS,Ausência de reação do condutor,Colisão traseira,Com Vítimas Feridas,Plena Noite,Crescente,Nublado,Dupla,Reta,2,0,1,1,2,SR-SP,11.0
363522,11/06/2021,sexta-feira,18:15:00,SP,SAO JOSE DOS CAMPOS,Condutor deixou de manter distância do veículo da frente,Colisão traseira,Com Vítimas Feridas,Plena Noite,Crescente,Nublado,Dupla,Não Informado,4,0,2,1,3,SR-SP,11.0
363528,11/06/2021,sexta-feira,15:18:00,SP,BARRA DO TURVO,Velocidade Incompatível,Tombamento,Com Vítimas Feridas,Pleno dia,Decrescente,Céu Claro,Simples,Curva,1,0,0,1,1,SR-SP,11.0
363537,11/06/2021,sexta-feira,19:15:00,SP,SAO JOSE DO RIO PRETO,Ingestão de álcool pelo condutor,Colisão traseira,Sem Vítimas,Plena Noite,Decrescente,Céu Claro,Dupla,Reta,2,0,2,0,2,SR-SP,11.0
363552,11/06/2021,sexta-feira,21:50:00,SP,SAO PAULO,Condutor deixou de manter distância do veículo da frente,Colisão traseira,Com Vítimas Feridas,Plena Noite,Decrescente,Céu Claro,Múltipla,Desvio Temporário,4,0,1,2,2,SR-SP,11.0
363627,12/06/2021,sábado,08:10:00,SP,LORENA,Manobra de mudança de faixa,Colisão lateral mesmo sentido,Com Vítimas Feridas,Pleno dia,Decrescente,Sol,Múltipla,Reta,3,0,1,2,2,SR-SP,12.0