ID,DATA,DIA_SEMANA,HORARIO,ESTADO,MUNICIPIO,CAUSA_ACIDENTE,TIPO_ACIDENTE,CLASSIFICACAO_ACIDENTE,FASE_DIA,SENTIDO_VIA,CONDICAO_METEREOLOGICA,TIPO_PISTA,TRACADO_VIA,PESSOAS,MORTOS,ILESOS,FERIDOS,VEICULOS,REGIONAL,MES
365707,22/06/2021,terça-feira,08:30:00,SP,MAIRIPORA,Chuva,Colisão com objeto,Sem Vítimas,Pleno dia,Crescente,Garoa/Chuvisco,Múltipla,Curva,1,0,1,0,1,SR-SP,
365725,22/06/2021,terça-feira,10:30:00,SP,MAIRIPORA,Velocidade Incompatível,Colisão com objeto,Com Vítimas Feridas,Pleno dia,Decrescente,Chuva,Dupla,Curva,2,0,0,2,1,SR-SP,
365746,22/06/2021,terça-feira,12:56:00,SP,BARRA DO TURVO,Reação tardia ou ineficiente do condutor,Colisão traseira,Com Vítimas Feridas,Pleno dia,Crescente,Chuva,Dupla,Reta,2,0,1,1,2,SR-SP,
365762,22/06/2021,terça-feira,15:00:00,SP,BRAGANCA PAULISTA,Manobra de mudança de faixa,Tombamento,Com Vítimas Feridas,Pleno dia,Decrescente,Nublado,Dupla,Não Informado,2,0,1,1,1,SR-SP,
365764,22/06/2021,terça-feira,15:20:00,SP,LORENA,Velocidade Incompatível,Saída de leito carroçável,Com Vítimas Feridas,Pleno dia,Decrescente,Nublado,Dupla,Viaduto,1,0,0,1,1,SR-SP,
365783,22/06/2021,terça-feira,18:00:00,SP,BADY BASSITT,Demais falhas mecânicas ou elétricas,Incêndio,Sem Vítimas,Anoitecer,Crescente,Céu Claro,Dupla,Rotatória,1,0,1,0,1,SR-SP,
365812,22/06/2021,terça-feira,19:41:00,SP,CAJATI,Chuva,Colisão traseira,Com Vítimas Feridas,Plena Noite,Decrescente,Garoa/Chuvisco,Múltipla,Reta,3,0,1,2,2,SR-SP,
365843,23/06/2021,quarta-feira,03:49:00,SP,SANTA ISABEL,Ausência de reação do condutor,Colisão traseira,Com Vítimas Feridas,Plena Noite,Crescente,Nublado,Dupla,Reta,2,0,1,1,2,SR-SP,
365867,23/06/2021,quarta-feira,08:25:00,SP,GUARULHOS,Manobra de mudança de faixa,Colisão lateral mesmo sentido,Com Vítimas Feridas,Pleno dia,Crescente,Nublado,Múltipla,Não Informado,3,0,1,2,2,SR-SP,
365873,23/06/2021,quarta-feira,08:44:00,SP,SAO JOSE DO RIO PRETO,Ausência de sinalização,Colisão lateral mesmo sentido,Com Vítimas Feridas,Pleno dia,Crescente,Céu Claro,Dupla,Não Informado,3,0,1,2,2,SR-SP,
365922,23/06/2021,quarta-feira,13:15:00,SP,SAO JOSE DOS CAMPOS,Reação tardia ou ineficiente do condutor,Queda de ocupante de veículo,Com Vítimas Feridas,Pleno dia,Crescente,Céu Claro,Dupla,Reta,1,0,0,1,1,SR-SP,
365934,23/06/2021,quarta-feira,14:15:00,SP,BRAGANCA PAULISTA,Reação tardia ou ineficiente do condutor,Colisão traseira,Com Vítimas Feridas,Pleno dia,Crescente,Céu Claro,Dupla,Curva,2,0,1,1,2,SR-SP,
365960,23/06/2021,quarta-feira,16:50:00,SP,GUARULHOS,Reação tardia ou ineficiente do condutor,Colisão com objeto,Com Vítimas Feridas,Pleno dia,Crescente,Céu Claro,Simples,Reta,2,0,1,1,1,SR-SP,
365967,23/06/2021,quarta-feira,17:05:00,SP,EMBU DAS ARTES,Ausência de reação do condutor,Colisão lateral mesmo sentido,Com Vítimas Feridas,Pleno dia,Decrescente,Céu Claro,Dupla,Desvio Temporário,2,0,0,1,2,SR-SP,
365977,23/06/2021,quarta-feira,18:10:00,SP,EMBU DAS ARTES,Manobra de mudança de faixa,Colisão lateral mesmo sentido,Com Vítimas Feridas,Plena Noite,Decrescente,Céu Claro,Dupla,Reta,2,0,1,1,2,SR-SP,
366008,23/06/2021,quarta-feira,21:15:00,SP,SAO JOSE DOS CAMPOS,Avarias e/ou desgaste excessivo no pneu,Queda de ocupante de veículo,Com Vítimas Feridas,Plena Noite,Crescente,Céu Claro,Dupla,Reta,1,0,0,1,1,SR-SP,
366010,23/06/2021,quarta-feira,20:00:00,SP,PEDRO DE TOLEDO,Reação tardia ou ineficiente do condutor,Tombamento,Com Vítimas Feridas,Plena Noite,Crescente,Garoa/Chuvisco,Dupla,Curva,1,0,0,1,1,SR-SP,
366043,24/06/2021,quinta-feira,01:35:00,SP,LORENA,Velocidade Incompatível,Tombamento,Com Vítimas Feridas,Plena Noite,Crescente,Céu Claro,Simples,Curva,2,0,1,1,1,SR-SP,
366050,24/06/2021,quinta-feira,04:10:00,SP,SAO JOSE DOS CAMPOS,Animais na Pista,Atropelamento de Animal,Com Vítimas Feridas,Plena Noite,Crescente,Céu Claro,Dupla,Reta,2,0,1,1,2,SR-SP,
366058,24/06/2021,quinta-feira,03:20:00,SP,PINDAMONHANGABA,Ausência de reação do condutor,Colisão com objeto,Com Vítimas Feridas,Plena Noite,Decrescente,Céu Claro,Dupla,Reta,1,0,0,1,1,SR-SP,
366069,24/06/2021,quinta-feira,05:20:00,SP,SANTA ISABEL,Demais falhas mecânicas ou elétricas,Eventos atípicos,Com Vítimas Feridas,Amanhecer,Crescente,Céu Claro,Múltipla,Reta,2,0,0,1,1,SR-SP,
366077,24/06/2021,quinta-feira,08:00:00,SP,SAO JOSE DO RIO PRETO,Acesso irregular,Tombamento,Com Vítimas Feridas,Pleno dia,Crescente,Sol,Dupla,Não Informado,1,0,0,1,1,SR-SP,
366097,24/06/2021,quinta-feira,09:15:00,SP,SAO LOURENCO DA SERRA,Pista Escorregadia,Tombamento,Com Vítimas Feridas,Pleno dia,Decrescente,Céu Claro,Dupla,Curva,2,0,1,1,1,SR-SP,
366101,24/06/2021,quinta-feira,09:30:00,SP,MIRACATU,Obras na pista,Colisão traseira,Com Vítimas Feridas,Pleno dia,Decrescente,Sol,Dupla,Reta,4,0,2,2,3,SR-SP,
366108,24/06/2021,quinta-feira,10:10:00,SP,GUARULHOS,Condutor deixou de manter distância do veículo da frente,Colisão traseira,Com Vítimas Feridas,Pleno dia,Crescente,Céu Claro,Múltipla,Reta,2,0,1,1,2,SR-SP,
366141,24/06/2021,quinta-feira,12:45:00,SP,CACAPAVA,Acessar a via sem observar a presença dos outros veículos,Colisão traseira,Sem Vítimas,Pleno dia,Crescente,Céu Claro,Dupla,Reta,3,0,3,0,2,SR-SP,
366184,24/06/2021,quinta-feira,18:00:00,SP,ATIBAIA,Manobra de mudança de faixa,Atropelamento de Pedestre,Com Vítimas Feridas,Anoitecer,Crescente,Céu Claro,Múltipla,Reta,2,0,1,1,1,SR-SP,
366192,20/06/2021,domingo,18:42:00,SP,MIRACATU,Afundamento ou ondulação no pavimento,Eventos atípicos,Sem Vítimas,Plena Noite,Decrescente,Garoa/Chuvisco,Dupla,Reta,2,0,2,0,1,SR-SP,
366244,25/06/2021,sexta-feira,01:00:00,SP,ITAPECERICA DA SERRA,Frear bruscamente,Capotamento,Com Vítimas Feridas,Plena Noite,Crescente,Céu Claro,Dupla,Reta,2,0,1,1,1,SR-SP,
366248,25/06/2021,sexta-feira,01:50:00,SP,GUARULHOS,Mal súbito do condutor,Colisão com objeto,Com Vítimas Feridas,Plena Noite,Crescente,Nublado,Múltipla,Reta,1,0,0,1,1,SR-SP,
366252,25/06/2021,sexta-feira,02:00:00,SP,GUARULHOS,Ingestão de álcool pelo condutor,Colisão com objeto,Com Vítimas Feridas,Plena Noite,Decrescente,Céu Claro,Múltipla,Reta,1,0,0,1,1,SR-SP,
366261,25/06/2021,sexta-feira,04:00:00,SP,JUQUITIBA,Ausência de reação do condutor,Colisão traseira,Sem Vítimas,Plena Noite,Decrescente,Céu Claro,Dupla,Reta,2,0,2,0,2,SR-SP,
366286,25/06/2021,sexta-feira,07:10:00,SP,VARGEM,Trafegar com motocicleta (ou similar) entre as faixas,Colisão lateral mesmo sentido,Com Vítimas Fatais,Pleno dia,Crescente,Céu Claro,Dupla,Não Informado,3,1,1,0,3,SR-SP,
366295,25/06/2021,sexta-feira,08:30:00,SP,SAO PAULO,Condutor deixou de manter distância do veículo da frente,Tombamento,Sem Vítimas,Pleno dia,Decrescente,Céu Claro,Múltipla,Reta,1,0,0,0,1,SR-SP,
366303,25/06/2021,sexta-feira,08:30:00,SP,GUARULHOS,Reação tardia ou ineficiente do condutor,Colisão traseira,Com Vítimas Feridas,Pleno dia,Decrescente,Céu Claro,Dupla,Reta,2,0,1,1,2,SR-SP,
366305,25/06/2021,sexta-feira,08:40:00,SP,GUARATINGUETA,Condutor deixou de manter distância do veículo da frente,Colisão traseira,Com Vítimas Feridas,Pleno dia,Decrescente,Céu Claro,Dupla,Reta,2,0,1,1,2,SR-SP,
366313,17/06/2021,quinta-feira,21:00:00,SP,SAO LOURENCO DA SERRA,Frear bruscamente,Colisão traseira,Sem Vítimas,Plena Noite,Não Informado,Nublado,Dupla,Reta,2,0,2,0,2,SR-SP,
366316,31/05/2021,segunda-feira,14:00:00,SP,GUARULHOS,Condutor deixou de manter distância do veículo da frente,Colisão lateral mesmo sentido,Com Vítimas Feridas,Pleno dia,Decrescente,Céu Claro,Simples,Reta,3,0,2,1,3,SR-SP,
366345,25/06/2021,sexta-feira,13:30:00,SP,SAO PAULO,Condutor deixou de manter distância do veículo da frente,Colisão lateral mesmo sentido,Com Vítimas Feridas,Pleno dia,Crescente,Céu Claro,Simples,Reta,3,0,2,1,2,SR-SP,
366363,25/06/2021,sexta-feira,10:20:00,SP,SAO LOURENCO DA SERRA,Manobra de mudança de faixa,Colisão com objeto,Com Vítimas Feridas,Pleno dia,Decrescente,Céu Claro,Dupla,Curva,1,0,0,1,1,SR-SP,
366368,25/06/2021,sexta-feira,15:30:00,SP,GUARULHOS,Mal súbito do condutor,Queda de ocupante de veículo,Com Vítimas Feridas,Pleno dia,Decrescente,Céu Claro,Múltipla,Reta,1,0,0,1,1,SR-SP,
366395,25/06/2021,sexta-feira,16:30:00,SP,JUQUITIBA,Reação tardia ou ineficiente do condutor,Colisão traseira,Com Vítimas Feridas,Anoitecer,Decrescente,Céu Claro,Dupla,Não Informado,2,0,1,1,2,SR-SP,
366411,25/06/2021,sexta-feira,18:30:00,SP,UBATUBA,Transitar na contramão,Colisão lateral sentido oposto,Com Vítimas Feridas,Plena Noite,Decrescente,Céu Claro,Simples,Reta,2,0,1,1,2,SR-SP,
366412,25/06/2021,sexta-feira,18:35:00,SP,SAO JOSE DO RIO PRETO,Ingestão de álcool pelo condutor,Colisão traseira,Sem Vítimas,Plena Noite,Decrescente,Céu Claro,Dupla,Não Informado,2,0,2,0,2,SR-SP,
366433,25/06/2021,sexta-feira,19:30:00,SP,GUARULHOS,Trafegar com motocicleta (ou similar) entre as faixas,Colisão lateral mesmo sentido,Com Vítimas Feridas,Plena Noite,Decrescente,Céu Claro,Múltipla,Reta,2,0,1,1,2,SR-SP,
366438,25/06/2021,sexta-feira,20:10:00,SP,PIQUETE,Pista Escorregadia,Colisão lateral sentido oposto,Com Vítimas Feridas,Plena Noite,Crescente,Céu Claro,Dupla,Curva,6,0,2,4,3,SR-SP,
366440,25/06/2021,sexta-feira,20:35:00,SP,PINDAMONHANGABA,Demais falhas mecânicas ou elétricas,Incêndio,Sem Vítimas,Plena Noite,Decrescente,Céu Claro,Dupla,Reta,1,0,1,0,1,SR-SP,
366458,25/06/2021,sexta-feira,22:15:00,SP,CACAPAVA,Objeto estático sobre o leito carroçável,Colisão com objeto,Com Vítimas Feridas,Plena Noite,Crescente,Céu Claro,Dupla,Reta,1,0,0,1,1,SR-SP,
366534,26/06/2021,sábado,09:20:00,SP,GUARULHOS,Manobra de mudança de faixa,Colisão com objeto,Com Vítimas Feridas,Pleno dia,Crescente,Céu Claro,Múltipla,Reta,2,0,1,1,1,SR-SP,
366547,26/06/2021,sábado,07:00:00,SP,PINDAMONHANGABA,Pedestre andava na pista,Atropelamento de Pedestre,Sem Vítimas,Pleno dia,Decrescente,Céu Claro,Dupla,Reta,2,0,1,0,1,SR-SP,
366611,26/06/2021,sábado,16:15:00,SP,SAO JOSE DOS CAMPOS,Avarias e/ou desgaste excessivo no pneu,Tombamento,Com Vítimas Feridas,Pleno dia,Decrescente,Sol,Dupla,Reta,2,0,0,2,1,SR-SP,
366619,26/06/2021,sábado,17:00:00,SP,TABOAO DA SERRA,Ingestão de álcool pelo condutor,Colisão traseira,Com Vítimas Feridas,Anoitecer,Decrescente,Céu Claro,Dupla,Reta,2,0,1,1,2,SR-SP,
366645,26/06/2021,sábado,19:00:00,SP,REGISTRO,Ausência de reação do condutor,Saída de leito carroçável,Com Vítimas Feridas,Plena Noite,Crescente,Céu Claro,Dupla,Reta,2,0,0,2,1,SR-SP,
366647,26/06/2021,sábado,19:20:00,SP,SAO PAULO,Pedestre andava na pista,Atropelamento de Pedestre,Com Vítimas Fatais,Plena Noite,Crescente,Céu Claro,Simples,Reta,2,1,1,0,1,SR-SP,
366661,26/06/2021,sábado,20:17:00,SP,JUQUITIBA,Iluminação deficiente,Atropelamento de Pedestre,Com Vítimas Fatais,Pleno dia,Crescente,Céu Claro,Dupla,Reta,2,1,0,0,1,SR-SP,
366676,26/06/2021,sábado,22:45:00,SP,EMBU DAS ARTES,Pedestre andava na pista,Atropelamento de Pedestre,Com Vítimas Feridas,Plena Noite,Decrescente,Céu Claro,Dupla,Reta,2,0,0,2,1,SR-SP,
366693,26/06/2021,sábado,23:49:00,SP,JACAREI,Velocidade Incompatível,Colisão com objeto,Sem Vítimas,Plena Noite,Crescente,Céu Claro,Simples,Desvio Temporário,1,0,0,0,1,SR-SP,
366694,26/06/2021,sábado,23:50:00,SP,GUARULHOS,Reação tardia ou ineficiente do condutor,Colisão com objeto,Com Vítimas Feridas,Plena Noite,Crescente,Céu Claro,Dupla,Reta,3,0,2,1,2,SR-SP,
366710,27/06/2021,domingo,01:59:00,SP,GUARULHOS,Ausência de reação do condutor,Capotamento,Com Vítimas Feridas,Plena Noite,Crescente,Céu Claro,Dupla,Reta,2,0,0,2,1,SR-SP,
366713,27/06/2021,domingo,02:00:00,SP,GUARULHOS,Ausência de reação do condutor,Colisão traseira,Sem Vítimas,Plena Noite,Decrescente,Céu Claro,Múltipla,Reta,2,0,2,0,2,SR-SP,
366724,27/06/2021,domingo,05:00:00,SP,GUARULHOS,Pedestre cruzava a pista fora da faixa,Atropelamento de Pedestre,Com Vítimas Feridas,Amanhecer,Decrescente,Céu Claro,Múltipla,Reta,3,0,2,1,2,SR-SP,
366732,27/06/2021,domingo,06:10:00,SP,MIRACATU,Condutor Dormindo,Colisão com objeto,Com Vítimas Feridas,Amanhecer,Decrescente,Nublado,Dupla,Reta,1,0,0,1,1,SR-SP,
366746,27/06/2021,domingo,07:30:00,SP,JACAREI,Acumulo de areia ou detritos sobre o pavimento,Tombamento,Com Vítimas Feridas,Amanhecer,Crescente,Sol,Simples,Não Informado,1,0,0,1,1,SR-SP,
366765,27/06/2021,domingo,08:09:00,SP,EMBU DAS ARTES,Reação tardia ou ineficiente do condutor,Colisão com objeto,Sem Vítimas,Pleno dia,Não Informado,Céu Claro,Simples,Reta,2,0,2,0,1,SR-SP,
366785,27/06/2021,domingo,11:00:00,SP,GUARULHOS,Manobra de mudança de faixa,Colisão transversal,Com Vítimas Feridas,Pleno dia,Crescente,Sol,Dupla,Reta,2,0,1,1,2,SR-SP,
366790,19/06/2021,sábado,21:30:00,SP,SAO JOSE DOS CAMPOS,Ausência de reação do condutor,Saída de leito carroçável,Com Vítimas Feridas,Plena Noite,Crescente,Garoa/Chuvisco,Dupla,Reta,2,0,1,1,1,SR-SP,
366819,27/06/2021,domingo,16:30:00,SP,TABOAO DA SERRA,Reação tardia ou ineficiente do condutor,Colisão traseira,Sem Vítimas,Pleno dia,Decrescente,Céu Claro,Dupla,Reta,5,0,5,0,2,SR-SP,
366832,27/06/2021,domingo,18:10:00,SP,GUARULHOS,Estacionar ou parar em local proibido,Colisão traseira,Com Vítimas Feridas,Plena Noite,Decrescente,Nublado,Múltipla,Reta,4,0,2,2,2,SR-SP,
366841,27/06/2021,domingo,18:55:00,SP,JACAREI,Reação tardia ou ineficiente do condutor,Colisão traseira,Com Vítimas Feridas,Plena Noite,Crescente,Céu Claro,Dupla,Reta,3,0,2,1,2,SR-SP,
366844,27/06/2021,domingo,19:00:00,SP,CACAPAVA,Condutor deixou de manter distância do veículo da frente,Colisão com objeto,Com Vítimas Feridas,Plena Noite,Crescente,Céu Claro,Dupla,Reta,2,0,1,1,1,SR-SP,
366846,27/06/2021,domingo,17:50:00,SP,ITAPECERICA DA SERRA,Reação tardia ou ineficiente do condutor,Saída de leito carroçável,Sem Vítimas,Plena Noite,Decrescente,Céu Claro,Dupla,Reta,1,0,1,0,1,SR-SP,
366861,27/06/2021,domingo,17:25:00,SP,SAO PAULO,Manobra de mudança de faixa,Colisão lateral mesmo sentido,Com Vítimas Feridas,Anoitecer,Crescente,Céu Claro,Dupla,Reta,2,0,1,1,2,SR-SP,
366922,28/06/2021,segunda-feira,00:30:00,SP,ITAPECERICA DA SERRA,Ausência de reação do condutor,Colisão com objeto,Com Vítimas Feridas,Plena Noite,Crescente,Céu Claro,Dupla,Curva,2,0,0,2,1,SR-SP,
366927,28/06/2021,segunda-feira,02:30:00,SP,SAO JOSE DOS CAMPOS,Reação tardia ou ineficiente do condutor,Colisão lateral mesmo sentido,Sem Vítimas,Plena Noite,Crescente,Céu Claro,Dupla,Reta,1,0,1,0,1,SR-SP,
366946,28/06/2021,segunda-feira,07:20:00,SP,SAO JOSE DO RIO PRETO,Ausência de reação do condutor,Tombamento,Com Vítimas Feridas,Pleno dia,Crescente,Céu Claro,Simples,Reta,3,0,1,1,2,SR-SP,
366966,28/06/2021,segunda-feira,07:00:00,SP,SAO JOSE DOS CAMPOS,Reação tardia ou ineficiente do condutor,Capotamento,Com Vítimas Feridas,Pleno dia,Crescente,Céu Claro,Dupla,Reta,4,0,0,4,1,SR-SP,
366975,28/06/2021,segunda-feira,08:33:00,SP,SAO PAULO,Trafegar com motocicleta (ou similar) entre as faixas,Colisão lateral mesmo sentido,Com Vítimas Feridas,Pleno dia,Crescente,Céu Claro,Múltipla,Reta,2,0,1,1,2,SR-SP,
366979,27/06/2021,domingo,11:57:00,SP,VARGEM,Ausência de reação do condutor,Queda de ocupante de veículo,Com Vítimas Feridas,Pleno dia,Crescente,Céu Claro,Dupla,Reta,1,0,0,1,1,SR-SP,
367004,28/06/2021,segunda-feira,12:10:00,SP,SAO JOSE DOS CAMPOS,Demais falhas mecânicas ou elétricas,Incêndio,Sem Vítimas,Pleno dia,Crescente,Céu Claro,Dupla,Reta,1,0,1,0,1,SR-SP,
367017,28/06/2021,segunda-feira,13:30:00,SP,GUARULHOS,Condutor deixou de manter distância do veículo da frente,Colisão lateral mesmo sentido,Com Vítimas Feridas,Pleno dia,Crescente,Céu Claro,Simples,Reta,2,0,1,1,2,SR-SP,
367036,28/06/2021,segunda-feira,14:00:00,SP,TAUBATE,Reação tardia ou ineficiente do condutor,Saída de leito carroçável,Com Vítimas Feridas,Pleno dia,Crescente,Céu Claro,Dupla,Reta,1,0,0,1,1,SR-SP,
367065,28/06/2021,segunda-feira,16:20:00,SP,TAUBATE,Mal súbito do condutor,Colisão com objeto,Com Vítimas Feridas,Pleno dia,Crescente,Céu Claro,Dupla,Reta,1,0,0,1,1,SR-SP,
367072,28/06/2021,segunda-feira,18:00:00,SP,GUARULHOS,Condutor deixou de manter distância do veículo da frente,Colisão traseira,Com Vítimas Feridas,Plena Noite,Decrescente,Nublado,Múltipla,Reta,3,0,2,1,2,SR-SP,
367082,28/06/2021,segunda-feira,19:00:00,SP,SAO PAULO,Entrada inopinada do pedestre,Atropelamento de Pedestre,Com Vítimas Feridas,Plena Noite,Decrescente,Nublado,Múltipla,Reta,2,0,0,2,1,SR-SP,
367085,28/06/2021,segunda-feira,18:45:00,SP,UBATUBA,Conversão proibida,Colisão transversal,Com Vítimas Feridas,Plena Noite,Decrescente,Céu Claro,Simples,Reta,5,0,1,2,2,SR-SP,
367086,28/06/2021,segunda-feira,18:20:00,SP,SAO JOSE DOS CAMPOS,Ausência de reação do condutor,Colisão lateral mesmo sentido,Com Vítimas Feridas,Anoitecer,Crescente,Céu Claro,Múltipla,Reta,3,0,2,1,2,SR-SP,
367134,29/06/2021,terça-feira,05:50:00,SP,GUARULHOS,Ultrapassagem Indevida,Colisão lateral mesmo sentido,Com Vítimas Feridas,Plena Noite,Crescente,Nublado,Múltipla,Reta,2,0,1,1,2,SR-SP,
367186,29/06/2021,terça-feira,10:00:00,SP,SAO LOURENCO DA SERRA,Ausência de reação do condutor,Saída de leito carroçável,Com Vítimas Feridas,Pleno dia,Decrescente,Garoa/Chuvisco,Dupla,Curva,1,0,0,1,1,SR-SP,
367191,29/06/2021,terça-feira,08:45:00,SP,MIRACATU,Obstrução na via,Colisão lateral mesmo sentido,Sem Vítimas,Pleno dia,Decrescente,Nublado,Dupla,Reta,2,0,2,0,2,SR-SP,
367262,29/06/2021,terça-feira,19:30:00,SP,MIRACATU,Demais falhas mecânicas ou elétricas,Capotamento,Sem Vítimas,Plena Noite,Decrescente,Nublado,Dupla,Reta,1,0,1,0,1,SR-SP,
367270,29/06/2021,terça-feira,20:40:00,SP,GUARATINGUETA,Demais falhas mecânicas ou elétricas,Tombamento,Com Vítimas Feridas,Plena Noite,Crescente,Nublado,Dupla,Reta,2,0,1,1,1,SR-SP,
367295,30/06/2021,quarta-feira,00:20:00,SP,SAO JOSE DOS CAMPOS,Ingestão de álcool pelo condutor,Saída de leito carroçável,Com Vítimas Feridas,Plena Noite,Crescente,Nublado,Dupla,Reta,4,0,1,1,1,SR-SP,
367309,30/06/2021,quarta-feira,05:30:00,SP,JUQUITIBA,Reação tardia ou ineficiente do condutor,Colisão lateral mesmo sentido,Sem Vítimas,Amanhecer,Decrescente,Nevoeiro/Neblina,Dupla,Reta,2,0,1,0,2,SR-SP,
367322,30/06/2021,quarta-feira,07:40:00,SP,SAO JOSE DOS CAMPOS,Trafegar com motocicleta (ou similar) entre as faixas,Colisão lateral mesmo sentido,Com Vítimas Feridas,Pleno dia,Crescente,Sol,Múltipla,Reta,3,0,2,1,3,SR-SP,
367351,30/06/2021,quarta-feira,10:25:00,SP,GUARULHOS,Condutor deixou de manter distância do veículo da frente,Colisão traseira,Com Vítimas Feridas,Pleno dia,Decrescente,Nublado,Simples,Reta,4,0,3,1,3,SR-SP,
367360,30/06/2021,quarta-feira,11:30:00,SP,GUARATINGUETA,Ausência de reação do condutor,Colisão traseira,Com Vítimas Feridas,Pleno dia,Crescente,Sol,Dupla,Curva,2,0,1,1,2,SR-SP,
367383,30/06/2021,quarta-feira,14:15:00,SP,EMBU DAS ARTES,Velocidade Incompatível,Colisão traseira,Com Vítimas Feridas,Pleno dia,Crescente,Céu Claro,Dupla,Reta,2,0,1,1,2,SR-SP,
367384,16/06/2021,quarta-feira,02:15:00,SP,JUQUIA,Condutor deixou de manter distância do veículo da frente,Colisão lateral mesmo sentido,Com Vítimas Feridas,Plena Noite,Decrescente,Céu Claro,Dupla,Reta,2,0,1,1,2,SR-SP,
367402,30/06/2021,quarta-feira,15:00:00,SP,GUARULHOS,Avarias e/ou desgaste excessivo no pneu,Tombamento,Sem Vítimas,Pleno dia,Crescente,Céu Claro,Múltipla,Reta,1,0,1,0,1,SR-SP,
367405,25/05/2021,terça-feira,02:40:00,SP,CAJATI,Reação tardia ou ineficiente do condutor,Colisão com objeto,Com Vítimas Feridas,Plena Noite,Crescente,Céu Claro,Dupla,Reta,2,0,1,1,2,SR-SP,
367420,30/06/2021,quarta-feira,08:24:00,SP,REGISTRO,Reação tardia ou ineficiente do condutor,Saída de leito carroçável,Com Vítimas Feridas,Pleno dia,Crescente,Céu Claro,Dupla,Reta,2,0,0,2,1,SR-SP,
367426,30/06/2021,quarta-feira,17:30:00,SP,SAO JOSE DOS CAMPOS,Reação tardia ou ineficiente do condutor,Engavetamento,Com Vítimas Feridas,Anoitecer,Crescente,Céu Claro,Dupla,Reta,5,0,4,1,4,SR-SP,
367478,30/06/2021,quarta-feira,23:30:00,SP,MAIRIPORA,Velocidade Incompatível,Tombamento,Com Vítimas Feridas,Plena Noite,Decrescente,Céu Claro,Dupla,Curva,1,0,0,1,1,SR-SP,
368593,08/05/2021,sábado,11:40:00,SP,EMBU DAS ARTES,Frear bruscamente,Colisão traseira,Com Vítimas Feridas,Pleno dia,Crescente,Nublado,Dupla,Reta,4,0,1,2,2,SR-SP,8.0
369336,20/04/2021,terça-feira,12:00:00,SP,ATIBAIA,Demais falhas mecânicas ou elétricas,Queda de ocupante de veículo,Com Vítimas Feridas,Pleno dia,Decrescente,Céu Claro,Dupla,Reta,1,0,0,1,1,SR-SP,
369407,11/06/2021,sexta-feira,08:40:00,SP,GUARULHOS,Reação tardia ou ineficiente do condutor,Colisão lateral mesmo sentido,Com Vítimas Feridas,Pleno dia,Crescente,Nublado,Múltipla,Reta,2,0,1,1,2,SR-SP,11.0
369888,29/06/2021,terça-feira,00:30:00,SP,EMBU DAS ARTES,Objeto estático sobre o leito carroçável,Colisão com objeto,Com Vítimas Feridas,Plena Noite,Decrescente,Ignorado,Dupla,Reta,1,0,0,1,1,SR-SP,
371629,16/02/2021,terça-feira,17:10:00,SP,OCAUCU,Condutor deixou de manter distância do veículo da frente,Colisão lateral mesmo sentido,Com Vítimas Feridas,Pleno dia,Decrescente,Garoa/Chuvisco,Simples,Reta,2,0,1,1,2,SR-SP,
371820,29/06/2021,terça-feira,12:25:00,SP,PINDAMONHANGABA,Reação tardia ou ineficiente do condutor,Colisão traseira,Com Vítimas Feridas,Pleno dia,Decrescente,Céu Claro,Dupla,Reta,2,0,0,1,2,SR-SP,
372277,05/06/2021,sábado,06:15:00,SP,PINDAMONHANGABA,Reação tardia ou ineficiente do condutor,Colisão traseira,Com Vítimas Feridas,Amanhecer,Decrescente,Céu Claro,Dupla,Reta,3,0,0,2,2,SR-SP,5.0
374224,13/06/2021,domingo,02:50:00,SP,PINDAMONHANGABA,Reação tardia ou ineficiente do condutor,Colisão traseira,Com Vítimas Feridas,Plena Noite,Crescente,Céu Claro,Dupla,Ponte,2,0,0,1,2,SR-SP,